{"type": "FeatureCollection", "features": [{"type": "Feature", "properties": {"shapeName": "Changping District", "shapeISO": "", "shapeID": "62558664B63350039287143", "shapeGroup": "CHN", "shapeType": "ADM3"}, "geometry": {"type": "Polygon", "coordinates": [[[115.96095729973968, 40.26429720035554], [115.96293830026241, 40.262973499927114], [115.95757640013085, 40.25636369962507], [115.94738879995327, 40.25557680002936], [115.94392420044153, 40.254789799709556], [115.9437592000271, 40.25315300031076], [115.93645880043334, 40.252334500336985], [115.9301070003379, 40.254506499775175], [115.92445639984305, 40.2535936995896], [115.91583620018059, 40.248903299847484], [115.90915440015556, 40.243457000140495], [115.91055680025624, 40.24106420005285], [115.90779329962118, 40.23845100041336], [115.90721589979398, 40.234263399936026], [115.90024540030504, 40.233035399963796], [115.89207889962154, 40.235333899839645], [115.89245010019204, 40.233255800414895], [115.88593329968205, 40.226958000111665], [115.87896290001788, 40.21606139961398], [115.87776679989793, 40.21656529964889], [115.87690059988279, 40.21489599965071], [115.8790454002251, 40.21089589972604], [115.87702429983165, 40.210171500314516], [115.87710680003886, 40.20837600025226], [115.88057139955049, 40.20550960008802], [115.87112630033857, 40.19971319970443], [115.8704250998386, 40.19278220023841], [115.8677028996691, 40.191679500108876], [115.8664243002413, 40.186228600369645], [115.8639908004352, 40.18462160000689], [115.85780399985481, 40.18465309966086], [115.84906000041872, 40.18783550000836], [115.84233699975277, 40.1828885003041], [115.84833639960527, 40.17911449983433], [115.83824540010517, 40.16663490008062], [115.84063689977313, 40.16213280038846], [115.8438662995901, 40.16333279996877], [115.84481489998768, 40.162040500268915], [115.84213400028398, 40.16040140040434], [115.84766080010593, 40.15308810003586], [115.84722799957262, 40.148045800073646], [115.85017699976879, 40.14626450030647], [115.85904980010821, 40.147080299616164], [115.86433039972826, 40.14277050015852], [115.86804590019824, 40.1425234995599], [115.87596149992339, 40.137501400169526], [115.89421580031899, 40.137377899870216], [115.89836199960666, 40.13457859992252], [115.90046210004596, 40.137295600211814], [115.90670839977292, 40.135813600217546], [115.90735449971044, 40.13704859961325], [115.90988539969146, 40.13387869984217], [115.91532400030246, 40.13272600010487], [115.92743679986847, 40.12376789996864], [115.9416014998094, 40.10579590036059], [115.9363245001756, 40.102047900190485], [115.94617860026221, 40.09924710017361], [115.95032480044927, 40.094386599961695], [115.95086330010133, 40.099205900432025], [115.95667880028645, 40.10085349978925], [115.95603259962479, 40.09372750032395], [115.95393259990965, 40.09043200033659], [115.96017889963662, 40.08252209961523], [115.96244050032885, 40.07419930035746], [115.97439460013072, 40.08083290031817], [115.98177170020381, 40.0822749002665], [115.99097959962887, 40.081368499656605], [115.99846439981229, 40.07819599994548], [116.00191069991888, 40.07906129973924], [116.01413400008414, 40.07312800005718], [116.02468810007576, 40.080750499935675], [116.0277573998842, 40.07811359956304], [116.03206520014896, 40.08322249971866], [116.03750379986059, 40.08211010040088], [116.04254819973971, 40.08390680015873], [116.0492611001198, 40.09477169955437], [116.05588159965612, 40.09808149966153], [116.05676779969428, 40.10155060028001], [116.06338830012999, 40.103504499732935], [116.06656820036221, 40.107491699782145], [116.06782600026975, 40.11418200019921], [116.07191759991736, 40.113759100302275], [116.07829459991592, 40.11896010002863], [116.08255210019934, 40.117874799982076], [116.09010869955694, 40.11994659965592], [116.0939607000264, 40.11512639986353], [116.09598810017076, 40.11471760043696], [116.09976640029925, 40.11678949993552], [116.10713049977278, 40.11381670008069], [116.12169069996594, 40.11513459988191], [116.12298089974877, 40.11357009968043], [116.12615090024394, 40.11386609984066], [116.12685130034731, 40.12010990035168], [116.14648409956158, 40.12047990032721], [116.16173969962745, 40.12344939967011], [116.16433319961754, 40.12254249993646], [116.161244499634, 40.126428900373526], [116.16567549982449, 40.12672789977279], [116.16458080006396, 40.13145109958862], [116.160284699979, 40.135042200437226], [116.15991610024787, 40.13755029990648], [116.15761229976783, 40.13825480001907], [116.16159329989091, 40.13815620014856], [116.16157489976183, 40.14132640029317], [116.17182230035894, 40.14317209961274], [116.17147219968228, 40.145877100248015], [116.17429210040018, 40.14586299977765], [116.17432889975896, 40.15018799957659], [116.17687240014118, 40.15151229985281], [116.17805189967544, 40.15489320036096], [116.17644850019815, 40.15687930003969], [116.18375699998558, 40.15374700002411], [116.186189899944, 40.154648600052894], [116.1882172002637, 40.15886029966316], [116.19596979966661, 40.159811500000785], [116.19692819997647, 40.15272610042922], [116.19950849971758, 40.149683200219556], [116.19985860039412, 40.142948899572104], [116.20306559989763, 40.13953929989884], [116.2063537002631, 40.139509800337066], [116.21043850013677, 40.14193229963598], [116.2105949003344, 40.14013900021473], [116.22802099976934, 40.135579700043195], [116.24099409979794, 40.13493439960291], [116.23891340043315, 40.117576500255325], [116.23599410034751, 40.11724760019666], [116.23783170037268, 40.1107592002769], [116.23620260006999, 40.11071939988045], [116.23646330004135, 40.109074799762254], [116.2340161997879, 40.10733840044685], [116.23871600014331, 40.1042229995918], [116.24610900023026, 40.10539320013612], [116.2503575999234, 40.103250100411856], [116.25321170005998, 40.10494470013788], [116.25110050018804, 40.10940019965955], [116.25275559989109, 40.11153319999721], [116.25252100004423, 40.10995839986032], [116.25727780033026, 40.10932049994119], [116.25864619976232, 40.1042468999745], [116.25753850030162, 40.100967300000946], [116.26083570000765, 40.10008009991674], [116.26097050028841, 40.09758309988018], [116.25628059967005, 40.0972432002136], [116.25659340006541, 40.09540879997621], [116.25896529990871, 40.09564809968009], [116.2589914000331, 40.09329529963844], [116.2620149000677, 40.09355450043989], [116.26730609999663, 40.09052359988431], [116.27396759962505, 40.0785607002162], [116.28418029988097, 40.08183029972861], [116.29665839956556, 40.05865549995144], [116.29962570006603, 40.060863099952144], [116.30331189972446, 40.058761299794185], [116.30668470003889, 40.05998149994633], [116.30680449962802, 40.058239399828494], [116.31212920020243, 40.060343700101726], [116.31936870040522, 40.05329130025336], [116.32169500012424, 40.054308800410865], [116.32237270043981, 40.053356199828784], [116.32562430002145, 40.05578890013766], [116.3237731004483, 40.05676609987569], [116.32396660037841, 40.05978490005316], [116.32450109984597, 40.062020700095275], [116.32660220033131, 40.06215469997949], [116.32922000000303, 40.05691809969062], [116.33261779967177, 40.057655600425676], [116.33389420025719, 40.053761099795], [116.33702950041118, 40.05381899994694], [116.33658689996548, 40.05821600036819], [116.34093659964446, 40.05905300029576], [116.3407661997004, 40.062283099785304], [116.3458192996211, 40.0614091997748], [116.34767009989525, 40.067352499918], [116.34861010007614, 40.06578830009005], [116.35192829985124, 40.06620349999156], [116.35199420037213, 40.06449489962], [116.35699469984559, 40.06445729986456], [116.35709159999737, 40.06742070000536], [116.36381020028057, 40.06807730042715], [116.36609289996738, 40.06734629999181], [116.36683759977552, 40.06416210010087], [116.37557769975115, 40.06488179965538], [116.37625559971616, 40.060058099701564], [116.37234200018327, 40.058920899779764], [116.37245530037183, 40.05729769992894], [116.36612520001802, 40.05641790036589], [116.36680519990011, 40.05291100034242], [116.35984379975162, 40.05215499965357], [116.36332449982592, 40.04550000032481], [116.36478149956656, 40.04574790024543], [116.36554239976203, 40.043442700420314], [116.37125729998445, 40.04409960031637], [116.37151630023709, 40.04157119955124], [116.38454690021933, 40.03983830039732], [116.38671860018326, 40.04027060000823], [116.38910899998041, 40.035297699829016], [116.39766539993832, 40.03711250024173], [116.40235409996183, 40.04186960000209], [116.40039120009385, 40.04316100037994], [116.39995500012321, 40.04827799982991], [116.40219659989327, 40.04816020033303], [116.40333079967672, 40.05416100042987], [116.40940289982404, 40.05454729971814], [116.42685939994146, 40.060790399657265], [116.43818880007314, 40.05940250022525], [116.44327679998435, 40.05732449972595], [116.44538990012381, 40.05731920002114], [116.44521449994932, 40.05978420038059], [116.44794180017402, 40.06044940011975], [116.45372119977367, 40.058445199786206], [116.4558922998898, 40.065997700033904], [116.45234580001875, 40.06896139964891], [116.45246439991217, 40.07428350028334], [116.4563669998372, 40.0752610003949], [116.4557752998902, 40.079211300361294], [116.46023019956408, 40.08057830044828], [116.46069740006499, 40.088777499581965], [116.4588661996155, 40.09213129991963], [116.46044440008905, 40.09351389964678], [116.46718110012773, 40.096506300225656], [116.46857819962429, 40.09510509982056], [116.47152750019404, 40.09676750022004], [116.47488029958618, 40.095675100025915], [116.48099620031451, 40.09828740034328], [116.48422489955954, 40.101350799699674], [116.48481479996315, 40.10678850008924], [116.48655330009478, 40.1068122997479], [116.48310730036167, 40.12110510002043], [116.481089399756, 40.12336030023772], [116.47897829970884, 40.13881260002154], [116.47463200036657, 40.141209599943124], [116.47307970036798, 40.145528800014176], [116.4771466001356, 40.14968170015038], [116.48093410032857, 40.1487561997389], [116.48198970026453, 40.156681600275704], [116.47317279998481, 40.15876949961279], [116.47090660015954, 40.157891700141874], [116.47190000028479, 40.16183020010368], [116.47422839992078, 40.16247079978763], [116.47227250037565, 40.16270799957459], [116.474073200318, 40.168639100414225], [116.47652570010109, 40.16844930029504], [116.47938190015464, 40.17634859980808], [116.48214489986731, 40.17665699982075], [116.48195859990949, 40.19050819969374], [116.47810899973058, 40.19558319990483], [116.46615670037147, 40.20374020015015], [116.4651011004355, 40.21338979979947], [116.46711909996657, 40.21301049993468], [116.46780200016224, 40.21986160003286], [116.47009940016721, 40.219553399669735], [116.47140330022216, 40.223109099605324], [116.47633940014327, 40.22348840036943], [116.47664990007286, 40.222066199895266], [116.47894720025317, 40.222184699963975], [116.47680509967563, 40.23844390026585], [116.47966129972929, 40.23891789964142], [116.47674299968969, 40.2405294002117], [116.4764155997002, 40.2454198001837], [116.48495499977344, 40.24706180036185], [116.49042109985396, 40.251166799907935], [116.49358219975875, 40.24789959978676], [116.49733599965668, 40.250496599938174], [116.49705069963011, 40.25473529989421], [116.49469569984672, 40.25433359971589], [116.49694649968126, 40.255176199721916], [116.49543889958557, 40.25788240005278], [116.49686160008287, 40.25716940044754], [116.49985099962396, 40.26011350023788], [116.48234030006483, 40.26327739973226], [116.47832930035702, 40.266369000029385], [116.47804570004905, 40.27493209993651], [116.47314330042309, 40.278764999705004], [116.46617449975338, 40.27907410028956], [116.45531630030712, 40.285719400430025], [116.45150780004496, 40.28596659977882], [116.44932000041774, 40.28364859990302], [116.44332359980433, 40.28448309971532], [116.44502529967792, 40.29208580011965], [116.4429590002577, 40.2942491004157], [116.44255379991796, 40.29897700008854], [116.4377325002547, 40.30123270032891], [116.44222970044041, 40.30469340038019], [116.44586929992829, 40.31074000025086], [116.44988009998667, 40.313143000449145], [116.44299950032678, 40.31983170007294], [116.43790479956692, 40.321618500093734], [116.43395129981275, 40.32725369969853], [116.43475339974964, 40.33026770019427], [116.4323469002893, 40.33197109978647], [116.42747660016505, 40.3276467996601], [116.42025709998529, 40.32843310030739], [116.41916839960197, 40.3297871996196], [116.41114669966055, 40.32873879965592], [116.40289580030105, 40.33205850039951], [116.40249469997048, 40.3341113999212], [116.3904621001459, 40.333543600356904], [116.38702419970707, 40.33642620000916], [116.38249769960919, 40.33734339967822], [116.38037769987102, 40.33629520026335], [116.37877330034758, 40.338085899744556], [116.36960559971874, 40.33664460036806], [116.36851700005957, 40.334853899987536], [116.37017860006245, 40.332495300218], [116.36255799955211, 40.331927499754386], [116.35894819999953, 40.329874500407925], [116.3639330998327, 40.341448699597834], [116.3587189996822, 40.34799930022757], [116.36101090033287, 40.348960000104], [116.36387580042788, 40.35520419991394], [116.35797410022462, 40.357692999932055], [116.35516650043371, 40.35620839999774], [116.35436439959744, 40.358304199879], [116.34920759975103, 40.35546620030493], [116.3430193998255, 40.355291499802945], [116.34319129983862, 40.35852250041313], [116.34680099956654, 40.36341250018677], [116.34550380036012, 40.3639482002493], [116.35137860004238, 40.362806000096896], [116.35129759990434, 40.36444219964784], [116.35391489955305, 40.36573390039922], [116.34887270031493, 40.370361299934075], [116.33930390025489, 40.371801899638], [116.33194730022774, 40.37810890000577], [116.31781719990397, 40.386118499569136], [116.30670140044936, 40.388169700271476], [116.28951619971292, 40.38318440023994], [116.28919160021223, 40.38964820010443], [116.28432969975586, 40.39156149966351], [116.28372149994732, 40.3901012003102], [116.28345259995763, 40.378396100299824], [116.27687490005667, 40.37373019988888], [116.26479279974797, 40.38139319983634], [116.25503850012672, 40.37911339956378], [116.25204560042414, 40.382005300004664], [116.24978869958886, 40.381553799868016], [116.24686359977534, 40.379767800243826], [116.24386779975919, 40.37272499975899], [116.24163399980932, 40.372486100253354], [116.24049749955998, 40.376785300301435], [116.23724480010753, 40.37827810025419], [116.23497179960896, 40.37603899970014], [116.23022990018978, 40.37609870029485], [116.22548790004657, 40.373501299945076], [116.21992300044622, 40.38015880028843], [116.207656600272, 40.380755899765006], [116.20467820033878, 40.38036780003398], [116.20169980040555, 40.375859799889895], [116.2024051998402, 40.374486500052], [116.18331989979356, 40.37165010037188], [116.18206579969694, 40.368992799777914], [116.17399279972801, 40.36636530001863], [116.17042650038275, 40.3694705996885], [116.16693860033615, 40.368694199677634], [116.1623142998651, 40.36514099985732], [116.15283040030283, 40.36463340001143], [116.15114520029078, 40.36200569970333], [116.14197479989718, 40.36042299992158], [116.13942749987928, 40.349701699773675], [116.14969519997351, 40.3430710001266], [116.1490290001883, 40.340293100446274], [116.14413030037315, 40.33461739987314], [116.14099510004394, 40.334228999768584], [116.13809510030865, 40.335274600142725], [116.14099510004394, 40.338889099552375], [116.1382517999806, 40.34701369992234], [116.13445039986607, 40.346685100237266], [116.13178550000089, 40.34366839997671], [116.13445039986607, 40.34139829979176], [116.13111930021557, 40.33957609975727], [116.13104090001764, 40.33512520026784], [116.13723289957875, 40.33509529960844], [116.13178550000089, 40.329568599611264], [116.13253319994726, 40.32319730041513], [116.13650369958611, 40.315721599572214], [116.12686100043493, 40.31059320031602], [116.11648889984292, 40.311149299700446], [116.11057360009158, 40.322208899621046], [116.10457320019304, 40.32683880017055], [116.10463049959799, 40.32941599994848], [116.08067989965775, 40.3292849003779], [116.07805630025814, 40.3337133995538], [116.07225710028501, 40.336186099908616], [116.07116849972658, 40.33832620039391], [116.06744409956559, 40.33863189974244], [116.05925049961093, 40.33500680002385], [116.05564070005835, 40.335399899985475], [116.05157259969576, 40.32797450002323], [116.04738979979948, 40.325528299991106], [116.04767630042102, 40.32378099999323], [116.04996820017232, 40.32391199973904], [116.05054119961676, 40.32011140002112], [116.04784820043415, 40.316441700224345], [116.04360810023366, 40.31395140013706], [116.04108700016502, 40.315567900038616], [116.03604480002753, 40.31521840010913], [116.03386749998515, 40.31146100022505], [116.02813769979502, 40.3100627999583], [116.02498629997785, 40.310936699968806], [116.02005870044877, 40.31871340030324], [116.02051710018407, 40.32338780020689], [116.01140669985932, 40.333259699675466], [116.00109300034171, 40.33212409964756], [115.99284210008295, 40.32421779981166], [115.988430199694, 40.32775609966433], [115.98264310009904, 40.32579040020687], [115.97387649980067, 40.31936870030535], [115.96745909955791, 40.31801440044427], [115.97020939994388, 40.31045599974465], [115.96912080028471, 40.30844610040725], [115.97210030008887, 40.30591189991429], [115.97496520018387, 40.30586820005743], [115.98224199976858, 40.30206649956938], [115.98436200040601, 40.29826470015581], [115.98109599998043, 40.29669149991287], [115.97725709993529, 40.29717220013697], [115.97244410011524, 40.2921027001795], [115.97588189982991, 40.28344859967319], [115.97330389965532, 40.28330999975674], [115.97275700033538, 40.280435500298154], [115.9756133002137, 40.27576809981798], [115.97101480039282, 40.2697091999197], [115.96831859962379, 40.27050919993968], [115.96742909997306, 40.26811710042392], [115.96095729973968, 40.26429720035554]]]}}, {"type": "Feature", "properties": {"shapeName": "Chaoyang District", "shapeISO": "", "shapeID": "62558664B74959469394402", "shapeGroup": "CHN", "shapeType": "ADM3"}, "geometry": {"type": "MultiPolygon", "coordinates": [[[[116.38454690021933, 40.03983830039732], [116.38410729991199, 40.035341399685876], [116.38882610024439, 40.03133779959984], [116.34471689986515, 40.025342399931844], [116.37082799961252, 39.99069459987595], [116.37518919982176, 39.9757486004176], [116.37473280017866, 39.971234900370405], [116.3879056000635, 39.97161709964951], [116.3880443996294, 39.967966999677344], [116.38388300000054, 39.966695500397066], [116.38131050007962, 39.959674299829146], [116.38343099984081, 39.95974419963517], [116.38331909989665, 39.96161979961414], [116.40164709973396, 39.960589100106915], [116.40128229963852, 39.972578099899465], [116.40299159968265, 39.97264649963631], [116.40264430039417, 39.96991799971596], [116.40500419968419, 39.969874899706895], [116.4050121002283, 39.963616600325906], [116.4077816002407, 39.962470499813776], [116.40783700027737, 39.96057429996404], [116.41884480014744, 39.960784100106196], [116.41892520043768, 39.95799200013073], [116.4243028000343, 39.958068099863], [116.4226745001281, 39.95426190006668], [116.42482200023517, 39.950871800393315], [116.42403909992458, 39.9496949997245], [116.42291310015946, 39.95038290015077], [116.42392879987426, 39.94873860040616], [116.4297345001471, 39.94786809983299], [116.42910370037555, 39.95083259984466], [116.43262679988698, 39.95082589989539], [116.43301269987626, 39.948079800242624], [116.43545060006522, 39.947035500288166], [116.43237610037681, 39.9451404003093], [116.43536699998708, 39.94361959996462], [116.4404867999259, 39.944675000251095], [116.43759140022303, 39.93587369961159], [116.43753509996498, 39.92724389968629], [116.43414009988578, 39.92729829967686], [116.43407220017195, 39.92831319989432], [116.43280210023681, 39.92713099969592], [116.42809299999203, 39.927281899640036], [116.43000209971717, 39.900449700093645], [116.44230520032477, 39.90179949974714], [116.44285109959867, 39.89962800033203], [116.43968839979982, 39.89861460018369], [116.44089329978601, 39.892856599952154], [116.44400239999084, 39.8922616003926], [116.44467660014504, 39.89018219964885], [116.44462940012681, 39.888715700369346], [116.43968910037177, 39.88972399956299], [116.43788989959921, 39.88851549959071], [116.43950560000349, 39.87703640010983], [116.43725880035345, 39.870795999935524], [116.43909850029559, 39.87058180030988], [116.43642719995535, 39.86868539991133], [116.43894100022703, 39.86123220010603], [116.44246559980763, 39.8618787002419], [116.44708189990979, 39.85902949961178], [116.45021660021598, 39.8595084002925], [116.45707869992214, 39.85469569994666], [116.46077459966807, 39.855144399594394], [116.46185540040642, 39.85191890013721], [116.45955059988034, 39.85201199975404], [116.45813870024085, 39.84896579993176], [116.45517549974954, 39.84932499994886], [116.45403500021519, 39.84726510010432], [116.45188459979454, 39.847756100263894], [116.45178530025146, 39.8491954004474], [116.44996570015701, 39.848298000252555], [116.44560979965263, 39.85058389972727], [116.44563179976785, 39.84803549983849], [116.43984949985463, 39.84671099991277], [116.44053809995341, 39.84270710035247], [116.43804350020741, 39.842685399711456], [116.4378403001898, 39.84059240031905], [116.43604559962478, 39.84109070027563], [116.43630519972521, 39.83803550003836], [116.43231069987894, 39.837705099910465], [116.43015050044528, 39.840009299689484], [116.43060759976095, 39.83787280008971], [116.42830289995891, 39.83697980027762], [116.42548540043094, 39.83163520040421], [116.4188971002211, 39.830805600098415], [116.42431479968832, 39.83081640005685], [116.42383589990686, 39.82875690041067], [116.43034100023704, 39.829014299870096], [116.43018379964269, 39.82646000042871], [116.43416679985796, 39.826500799971996], [116.43471320005415, 39.82838900035216], [116.43698619965346, 39.82655109995335], [116.43826189966705, 39.819335900331566], [116.44766660043331, 39.82150429978367], [116.45718909979723, 39.81316239982493], [116.46260770038509, 39.813685100187286], [116.46834619971742, 39.808340500313875], [116.47919379975417, 39.81153269967439], [116.47943089971636, 39.81566709985685], [116.48369309985674, 39.81517160038908], [116.48350860034168, 39.817584399600435], [116.48711239961756, 39.81714490001718], [116.4872902999075, 39.81922420003684], [116.48937930001478, 39.81750319981285], [116.48897359965201, 39.81485989986453], [116.50427000016043, 39.820474499598504], [116.50604329955866, 39.82520989961722], [116.50774169981969, 39.82421810028518], [116.50911699974984, 39.82929599991053], [116.5201583002654, 39.82863349993613], [116.5205602000932, 39.825843200403426], [116.52586820025726, 39.825781600440564], [116.52706390017886, 39.82241049984475], [116.52894510023623, 39.82363129984469], [116.52941889996237, 39.82578139989175], [116.53192810020175, 39.82550610032632], [116.53236649991413, 39.82712289970209], [116.52632850026009, 39.83009530025794], [116.52733480026086, 39.831938199987974], [116.53518520003706, 39.82840329957264], [116.53698179997014, 39.82893849961209], [116.53782659971785, 39.833765099879486], [116.53959799974791, 39.8326868999805], [116.53949520004346, 39.83492799972748], [116.54244680017973, 39.83314059985884], [116.55523909960482, 39.83334529994568], [116.5567957001615, 39.83104589984845], [116.55685520020734, 39.83243160043804], [116.56372630032854, 39.83236309997716], [116.5636865997568, 39.83382500012368], [116.5666412998562, 39.83390870002654], [116.566879200215, 39.83100780006998], [116.57144010028048, 39.829523100310894], [116.5716880002011, 39.826431599838486], [116.58110180030792, 39.827070099605464], [116.57783489966096, 39.8237272997751], [116.58583770034966, 39.822750799709695], [116.58543230036048, 39.82515250038762], [116.588114299935, 39.825186799631126], [116.5920702998045, 39.82500780036975], [116.59241729961877, 39.823572399646594], [116.59327490031649, 39.83053679993344], [116.59652640007334, 39.830535100214775], [116.59604049996915, 39.84014350012251], [116.60261819987011, 39.84542640020828], [116.59892339999499, 39.84503879960096], [116.59829949982213, 39.84866679963312], [116.60748620042784, 39.8492758996631], [116.62149879982985, 39.85982849958566], [116.6180213004427, 39.8624762997415], [116.61725659971239, 39.8665346001917], [116.61466879962552, 39.86638620036291], [116.61400450010763, 39.867733200426926], [116.61866469971619, 39.87452180034086], [116.61897190003322, 39.880105500268655], [116.62347330005286, 39.880493500174964], [116.62226799986831, 39.88928309973534], [116.60993510022479, 39.888499700301], [116.60916240002484, 39.894354599785004], [116.61417730034225, 39.89681740040277], [116.6120220004151, 39.89856540007321], [116.61806629981993, 39.90318049958046], [116.61502520005297, 39.903703799790605], [116.61703370004523, 39.906621699631785], [116.61437619980188, 39.907214000325894], [116.61634679966517, 39.908747400172444], [116.61525729978462, 39.91205019995681], [116.61728219981376, 39.91272640020327], [116.61668859959923, 39.91715180031537], [116.61429170040174, 39.91699919975332], [116.6161202001872, 39.91833620025551], [116.6151647001908, 39.921932699734384], [116.62466509961473, 39.92066779967928], [116.61805940022123, 39.929181099628124], [116.62061390021142, 39.929418499963845], [116.61875609961442, 39.93048699977527], [116.61990680015879, 39.93132899993344], [116.6236796000336, 39.930169899721136], [116.62413279988891, 39.93807370034108], [116.62837330028765, 39.937339199744315], [116.62429359957002, 39.94560840030749], [116.62628990025871, 39.949429400246686], [116.63927270037493, 39.9453413996859], [116.63695049976582, 39.951841300135925], [116.63496530030841, 39.9793845999194], [116.6335517998757, 39.97955919969735], [116.63410780033473, 39.98149440044625], [116.62840689985865, 39.980534500067165], [116.62717429985412, 39.98258259990712], [116.62734300007946, 39.98477310019848], [116.63359759964953, 39.985803199857855], [116.6346159002037, 39.989026499573356], [116.63807260007047, 39.98849279960308], [116.63783140009912, 39.99249610021491], [116.63697390012544, 39.99578070041906], [116.63006050039189, 40.00271889985737], [116.62518360014315, 40.000276299811446], [116.61952960021097, 40.0029651998841], [116.62218239969809, 40.006618800017634], [116.61265940031114, 40.01063620020051], [116.59712649968822, 40.012109900351675], [116.58916670008318, 40.01649020036251], [116.57119940033215, 40.02683259994461], [116.57265120019281, 40.027673900430216], [116.57259890011926, 40.031840199565636], [116.56808079968926, 40.031771700004015], [116.57231290042012, 40.02798929986636], [116.56694230024698, 40.03176299996255], [116.56494949971966, 40.03110319975292], [116.56162560004145, 40.03616449969195], [116.55652659962288, 40.03967439985371], [116.54227559983917, 40.046006100101465], [116.53985209959478, 40.04886890027956], [116.54475009973737, 40.05036280010319], [116.54615130014247, 40.05259839959649], [116.54515659959748, 40.0580386999261], [116.5415241002571, 40.05869900015881], [116.54225089995907, 40.06109020035251], [116.53776239981494, 40.0579739001754], [116.52311889991734, 40.06937029979957], [116.51627680023421, 40.070417500067606], [116.50614989979806, 40.06965859996444], [116.49460749973639, 40.07834940000487], [116.48070570040784, 40.07984670016515], [116.47736200035604, 40.08090659975983], [116.47715180001558, 40.082726699877355], [116.46745119981313, 40.083987800296825], [116.46445820028578, 40.088168399552046], [116.46069740006499, 40.088777499581965], [116.46023019956408, 40.08057830044828], [116.4557752998902, 40.079211300361294], [116.4563669998372, 40.0752610003949], [116.45246439991217, 40.07428350028334], [116.45234580001875, 40.06896139964891], [116.4558922998898, 40.065997700033904], [116.45372119977367, 40.058445199786206], [116.44794180017402, 40.06044940011975], [116.44521449994932, 40.05978420038059], [116.44538990012381, 40.05731920002114], [116.44327679998435, 40.05732449972595], [116.43818880007314, 40.05940250022525], [116.42685939994146, 40.060790399657265], [116.40940289982404, 40.05454729971814], [116.40333079967672, 40.05416100042987], [116.40219659989327, 40.04816020033303], [116.39995500012321, 40.04827799982991], [116.40039120009385, 40.04316100037994], [116.40235409996183, 40.04186960000209], [116.39766539993832, 40.03711250024173], [116.38910899998041, 40.035297699829016], [116.38671860018326, 40.04027060000823], [116.38454690021933, 40.03983830039732]]], [[[116.56767980008271, 40.097874199634646], [116.57526530005362, 40.063549099711224], [116.57559499960962, 40.072685299786826], [116.57721970042894, 40.07280129974026], [116.57966219975083, 40.06263940038809], [116.5827413003708, 40.06237110024614], [116.58187990003739, 40.05904549994989], [116.5834619999714, 40.05850889966604], [116.58404520042575, 40.05445039956635], [116.58192829975133, 40.04957889974651], [116.58375089998412, 40.04870149957458], [116.58545640039267, 40.05066400014357], [116.58601919972637, 40.04756660011856], [116.58130300023333, 40.04762300020133], [116.58546890006971, 40.04714430006942], [116.58423680008832, 40.042462600368765], [116.5946703999191, 40.04013150006875], [116.5950682995624, 40.04276430043217], [116.5996583997154, 40.04319950035671], [116.59946889996979, 40.04487850044251], [116.59422039985168, 40.0481783999133], [116.5976147002583, 40.04618699963038], [116.59765210036426, 40.05175860007938], [116.60024069994836, 40.05203810037807], [116.6015165996115, 40.04732800008719], [116.60088329972461, 40.05137389978569], [116.60266470021577, 40.0541185002686], [116.59767759974147, 40.085710100041126], [116.598852299594, 40.08684810035959], [116.59341410008074, 40.10318079955431], [116.59215470027925, 40.102366000290715], [116.59290500016573, 40.092224799734765], [116.59015839959056, 40.09203510033967], [116.59047320007824, 40.08875000011244], [116.57484430042416, 40.08733000027934], [116.57421459962416, 40.095806499970024], [116.5695586996743, 40.1094210999039], [116.56767980008271, 40.097874199634646]]]]}}, {"type": "Feature", "properties": {"shapeName": "Daxing District", "shapeISO": "", "shapeID": "62558664B2086641718758", "shapeGroup": "CHN", "shapeType": "ADM3"}, "geometry": {"type": "Polygon", "coordinates": [[[116.4188971002211, 39.830805600098415], [116.41898569963041, 39.82859859994551], [116.41476920033836, 39.828423000121404], [116.41373549979357, 39.8251474003323], [116.40949030043703, 39.828074000215], [116.40800299983869, 39.82270010042936], [116.41208729968923, 39.82132979983044], [116.41342470038967, 39.8139566999418], [116.40370040035327, 39.81525769968317], [116.40367669962006, 39.81039599977561], [116.40522939981702, 39.809603900299805], [116.40931850024867, 39.81111520020636], [116.41221049961496, 39.80785570008055], [116.41619919973334, 39.809049800108255], [116.41852910033776, 39.807015399641045], [116.4180431004088, 39.805289900108846], [116.42015509977807, 39.805238400431904], [116.42012150020707, 39.80389910036325], [116.41800949993853, 39.80386049966239], [116.41807660015502, 39.802173599931734], [116.42307160027417, 39.802392500313715], [116.42335659992716, 39.79238600021381], [116.42094289959516, 39.793184500164614], [116.42050709982288, 39.790969299993264], [116.42007120022572, 39.793300400293276], [116.41494210039764, 39.79269509989899], [116.41557480043673, 39.788801899687996], [116.41395309975576, 39.7860233003351], [116.38997350027682, 39.78559600005542], [116.39248619977832, 39.76451690033474], [116.38511400011112, 39.76353299974818], [116.38407099967696, 39.7787556000909], [116.37961450010914, 39.7787556000909], [116.37964999994756, 39.777243499787744], [116.37290719980751, 39.777614700358185], [116.37242529988771, 39.78420280001927], [116.36406930035798, 39.78415729971965], [116.36411670002576, 39.782863900148925], [116.36144300029434, 39.78363429988309], [116.35959399956346, 39.79281479966335], [116.3616325998646, 39.79321549979551], [116.36082670029202, 39.79804200023818], [116.35081429974025, 39.79887540017961], [116.349624199897, 39.80496639957971], [116.3348401998154, 39.80622840022056], [116.33023070038655, 39.80063970006216], [116.32208440027489, 39.8004594003811], [116.3203747000324, 39.79693079971668], [116.31698880019303, 39.79705599973465], [116.3154761998668, 39.78184410042496], [116.31080639999539, 39.7819716000094], [116.30503699995768, 39.76842660040734], [116.30152869968981, 39.76842660040734], [116.29665860011437, 39.77188960002508], [116.29513329956217, 39.77445330007981], [116.29637370028615, 39.77486559966775], [116.29276360035988, 39.77843800001375], [116.2886671003065, 39.78999649973872], [116.2864474997524, 39.78931370026709], [116.28487180029344, 39.79178660027145], [116.28912759995887, 39.79383549960869], [116.2882182001099, 39.79674470030773], [116.28299899990395, 39.79514680018474], [116.28142769992849, 39.798011200256724], [116.26842110015366, 39.795861299859155], [116.25672620025398, 39.79177239997631], [116.25624480035731, 39.79427650016038], [116.25330500022562, 39.79632319975593], [116.25055639955826, 39.79547840000822], [116.25062480019449, 39.79347629959159], [116.24424489988223, 39.792069599832246], [116.24695010016706, 39.77479190022609], [116.24667200011277, 39.75010450012263], [116.23736440004711, 39.74020610033131], [116.23914340024783, 39.73296200009628], [116.24170989989204, 39.73094329999333], [116.24103910007443, 39.72194860014781], [116.23809350021497, 39.716228099847], [116.22324850001837, 39.707388399954766], [116.22269439982676, 39.69915350043374], [116.2203903996973, 39.69495719991488], [116.22170280014416, 39.68826939961315], [116.2130700000805, 39.67962819988156], [116.21540320029749, 39.672624699770154], [116.21385739969935, 39.668179799658105], [116.21697810025921, 39.66306099976538], [116.21062010023752, 39.650599300117676], [116.20974520018092, 39.643458100311136], [116.21021179993465, 39.63106030019276], [116.213303300407, 39.62766840007663], [116.21132010014253, 39.623692400184154], [116.2135074995715, 39.61854790036534], [116.21167010009515, 39.60877450004318], [116.21697810025921, 39.59562880032894], [116.21651139978133, 39.59243750029049], [116.21969039979217, 39.59097670001472], [116.2206529001113, 39.58859429968726], [116.21989459985593, 39.584144000045626], [116.215048899787, 39.57752570025093], [116.22143769979004, 39.56498069999935], [116.22328740019339, 39.56427479964236], [116.23022840012061, 39.56719730041516], [116.2284336995557, 39.56269350010501], [116.23442230034891, 39.562862999827644], [116.23672989956526, 39.55710229983134], [116.24002639959872, 39.55593029974358], [116.23621709983934, 39.551807099717905], [116.23944039955484, 39.54925109965859], [116.2374808001988, 39.54793779988961], [116.24028279991137, 39.538602700354375], [116.23934880000718, 39.528913199584565], [116.24213250031471, 39.528545900273116], [116.24028279991137, 39.524237400335835], [116.23733429973822, 39.523064900224995], [116.2377738002208, 39.520437299741616], [116.24055749962895, 39.5188408996878], [116.23853440004257, 39.51667820013887], [116.23966799997822, 39.51360190000776], [116.24902129999305, 39.507160000433714], [116.25174779982115, 39.499314900362435], [116.26304780021587, 39.494348200109414], [116.26936709971199, 39.49401749960799], [116.27308899975765, 39.49015339965973], [116.2761415002301, 39.48978150031604], [116.27718580018461, 39.49337699974882], [116.27964929957557, 39.49124860034266], [116.29934810003488, 39.48837159986948], [116.30108999960385, 39.48653039985811], [116.30069240033401, 39.48381240042198], [116.30652400018255, 39.479369799876395], [116.3079440000156, 39.475482400292606], [116.31369990033022, 39.472369299903335], [116.31388930025105, 39.467209800292096], [116.31894459991338, 39.46495879990874], [116.31936110023469, 39.46171369972751], [116.32220119972567, 39.4593017000135], [116.33168710027951, 39.45449209963073], [116.33835179969583, 39.4545360000364], [116.33922269956804, 39.45237230044137], [116.34414550031465, 39.451714399599894], [116.34497859988255, 39.45433129994956], [116.3565661000456, 39.45452140044233], [116.35679330027062, 39.45193370018018], [116.36107239957164, 39.45164130000603], [116.36160249955572, 39.450457099715436], [116.38059310009157, 39.44937510018076], [116.38564849957868, 39.451714399599894], [116.39341129999161, 39.44881959974481], [116.40276460000632, 39.449068100412546], [116.41846080042569, 39.44596849974653], [116.42813600017632, 39.441611299721785], [116.43088140015652, 39.44472569963136], [116.43529519991364, 39.44452279998728], [116.43838509959278, 39.44528920043632], [116.43822520013293, 39.44662329972556], [116.44411699969987, 39.44731690005494], [116.4444107002937, 39.45141480035278], [116.44842189965107, 39.45204119974164], [116.44978989978415, 39.4581009998613], [116.44734369975197, 39.45651880010257], [116.4424986004301, 39.46344520043573], [116.4425092996645, 39.47502389983316], [116.44051370044701, 39.477922400398484], [116.4374452999607, 39.47661390031129], [116.43814269992572, 39.48103189990229], [116.42973119963517, 39.48169849988591], [116.42731729965374, 39.476866400264214], [116.42297739988715, 39.476146000137874], [116.42222109972408, 39.47445239955863], [116.4211829996957, 39.477473100003635], [116.41957100000172, 39.47737159981955], [116.41923840013214, 39.480112700141035], [116.42363729992155, 39.48000500003076], [116.4206962002695, 39.486767200346094], [116.41596380038914, 39.48291650029631], [116.40626639997447, 39.480500299848984], [116.40538060013466, 39.48387620012659], [116.40773359982586, 39.48538239997782], [116.40726299988762, 39.48717699981876], [116.40964369959715, 39.48709160019723], [116.41192750005416, 39.49511349978826], [116.41688080040865, 39.49544120015133], [116.4122352003942, 39.50516860015085], [116.40856329995643, 39.5044049003659], [116.4073481998596, 39.506803500181434], [116.40240470031677, 39.50680810021373], [116.40110669981436, 39.51070429966376], [116.39636190008173, 39.51307359956701], [116.39522809959715, 39.52677229960199], [116.39878929978647, 39.52692190002574], [116.40064050025899, 39.52520199967262], [116.39851660016097, 39.52458299990559], [116.4010008001469, 39.52407199972305], [116.41528619989822, 39.524005799727945], [116.41888039981063, 39.5170123999024], [116.41724289984006, 39.51509109997431], [116.41823799968404, 39.50835969964049], [116.42537270009007, 39.50942749977935], [116.42677550038911, 39.506006699949296], [116.4377001003794, 39.50836800038297], [116.43650870011652, 39.51499400017303], [116.43416949962273, 39.51500470030675], [116.43302070024515, 39.51853899997491], [116.434612400442, 39.51881660000612], [116.43360200043207, 39.522126499938054], [116.43189959998665, 39.521891599717605], [116.43058459959968, 39.52512659961292], [116.4347646997312, 39.526076799904445], [116.44744329966863, 39.525308099888946], [116.44760930012922, 39.52736859958128], [116.45331190032402, 39.52714440039381], [116.45372720005025, 39.525543000109394], [116.45839170021691, 39.52647189995827], [116.45835010027702, 39.53040060000774], [116.4616304997478, 39.53050730007192], [116.46255790042687, 39.53314409972046], [116.46607520021041, 39.53338050001014], [116.46702469993, 39.534836800078324], [116.47100100019611, 39.533229500241305], [116.47035330036454, 39.53716400001866], [116.47305160015128, 39.53759840044586], [116.47180379980557, 39.54200390035976], [116.4688971999459, 39.54457629955664], [116.46911860044315, 39.5483225001833], [116.46553580033697, 39.549659300136625], [116.46463620040038, 39.553352000094776], [116.46690610003657, 39.55182580022057], [116.47576450043141, 39.55231680038008], [116.47567530027493, 39.55046159972312], [116.4835016998436, 39.55227409967], [116.48358479989861, 39.54897630011624], [116.48732829986125, 39.548452400058295], [116.489307599766, 39.549562399984836], [116.4970627001835, 39.54883260014441], [116.50223029998847, 39.54985899999292], [116.50197179975885, 39.55905670020661], [116.50460450029755, 39.559464200112814], [116.50559390023841, 39.56424239976701], [116.51319270028296, 39.56541609957338], [116.51209930004268, 39.56824370028659], [116.51491109966753, 39.56891059974441], [116.51446189999672, 39.57080629957113], [116.52135419983654, 39.57166330042105], [116.5201798003576, 39.57603069965711], [116.51434709973887, 39.57589550007731], [116.51379339974562, 39.580589499805626], [116.5168146002137, 39.58186610004054], [116.51534650014094, 39.58893370023014], [116.51714019976043, 39.588789699884785], [116.51634750043684, 39.59192729960523], [116.51928609997356, 39.59255879994873], [116.5186303997732, 39.59558299965579], [116.52220270029443, 39.59622410026208], [116.52194830007409, 39.598026499923094], [116.52481589993386, 39.59779269957346], [116.52512909962832, 39.59573389959985], [116.53602360020909, 39.59252010032242], [116.53508400022645, 39.60046139997371], [116.53765810004131, 39.60084600044263], [116.53711000012652, 39.602414499929296], [116.53946869972083, 39.60009940036707], [116.53966440029194, 39.598561000289976], [116.5379516999111, 39.59827439984372], [116.54001679963562, 39.59480530012456], [116.54815980013473, 39.597128099682095], [116.547719299606, 39.59853840032696], [116.55181040012997, 39.598809900256754], [116.55146779979918, 39.600582099784106], [116.55650830021796, 39.600838500096756], [116.55593079966673, 39.60215060017009], [116.56122570030584, 39.60436010043833], [116.5605209996445, 39.60690879980132], [116.56208699991521, 39.60733100002568], [116.56034479997265, 39.61015110039301], [116.56386819985755, 39.61079949989704], [116.56336910040375, 39.613272599550896], [116.56021759986243, 39.61517259993559], [116.56016870012547, 39.618806600244454], [116.57361629955267, 39.618701000051146], [116.57342059988082, 39.62254590037304], [116.5797920996257, 39.6227247998097], [116.57712759995889, 39.62215979983495], [116.5827811996927, 39.62098529963191], [116.58375220040375, 39.61849350037477], [116.58625750028352, 39.62033259956985], [116.58713639962525, 39.61855739990415], [116.58699800025761, 39.620631199670186], [116.58941550022519, 39.61708900035711], [116.5943286998097, 39.618740099875765], [116.59367299960934, 39.621672700035106], [116.59635030022628, 39.62176429958282], [116.5964196001845, 39.623560799691234], [116.60213050022242, 39.62376790006857], [116.60199250015387, 39.61872410003724], [116.60607460026267, 39.61793790011404], [116.60749369987445, 39.61286380012433], [116.61101709975935, 39.613150299846495], [116.61118350041829, 39.60634160008482], [116.61450959983824, 39.605971399560474], [116.61461729994846, 39.60084369997685], [116.62259379996397, 39.59864160022971], [116.62967980028259, 39.59895839991026], [116.62988529986671, 39.603912800135674], [116.63263550042802, 39.603995800365965], [116.63263749962096, 39.602486300002795], [116.63663069994686, 39.603745599979504], [116.63731579988428, 39.6007896003598], [116.63983110022514, 39.60117419992946], [116.6408715996447, 39.598282199663856], [116.64383360044042, 39.59896480038526], [116.64290629958612, 39.6027401003754], [116.64456719991642, 39.59912479966982], [116.64834590024316, 39.5986767996946], [116.65169210041017, 39.599539200074105], [116.65199550019224, 39.602472699555506], [116.65948269976684, 39.60447859960772], [116.67447669964008, 39.60027069963314], [116.6745061002764, 39.598754900418385], [116.6766004999132, 39.59988610006354], [116.67670820002343, 39.597653900007515], [116.67903759970557, 39.598234600346586], [116.67878309966034, 39.59961460013375], [116.68274809994489, 39.59870680017872], [116.68321459987396, 39.597378600442084], [116.68798659960191, 39.60040800002923], [116.69040170017843, 39.59410640009037], [116.69312250010341, 39.594196899767155], [116.6966556999007, 39.587771000031694], [116.70454420035458, 39.58666219980074], [116.70923229963103, 39.5889476001517], [116.71268719995442, 39.58977730028221], [116.71342119962867, 39.58884950030426], [116.71694199957369, 39.59149979967606], [116.71791510020182, 39.59081059972942], [116.71756450040141, 39.59377680035908], [116.71875930010162, 39.591113799862], [116.72105720012974, 39.59178139989177], [116.72029239957465, 39.596506400150304], [116.72009779977373, 39.59414709980888], [116.71863820009287, 39.59677139978032], [116.71872409973753, 39.59393209978663], [116.7166133998885, 39.598105599793655], [116.71252080019485, 39.59897119996094], [116.71508229960853, 39.59930739981672], [116.7123062003709, 39.59980910010995], [116.71229900039862, 39.60173860005642], [116.70943710044185, 39.602780499720325], [116.70799179998164, 39.6016118001445], [116.7078130003697, 39.604004299858616], [116.69657989964276, 39.60913079974665], [116.69830420037863, 39.60968749987825], [116.69788209997898, 39.612421400227504], [116.69623649981463, 39.61289550032711], [116.69463380000991, 39.61977939959968], [116.69932740043919, 39.620154200156264], [116.69997129973581, 39.61768509978759], [116.70243260028428, 39.61818110017771], [116.70405720037957, 39.616796799832514], [116.7101485001532, 39.62022629970403], [116.71592660023248, 39.6204946996707], [116.71596949969273, 39.622522800387], [116.71957079975266, 39.62275030008635], [116.7192648000306, 39.625648799752355], [116.71568169955083, 39.628259799650095], [116.71604069991838, 39.63312410039697], [116.71855009980732, 39.63324880039187], [116.71803820030277, 39.63742550018674], [116.70802100006915, 39.63904629974701], [116.7043581000463, 39.63854759959207], [116.70433790037384, 39.63647489969691], [116.69691100034242, 39.64856739976574], [116.69610149988432, 39.65715249978808], [116.69905610015894, 39.666188199725696], [116.69789249973917, 39.67318230012313], [116.68773359962597, 39.67422590040502], [116.68763239981547, 39.67573670028855], [116.67941660009603, 39.675848500407994], [116.67491250031173, 39.67410240010571], [116.66939849964115, 39.67528680004585], [116.66384630026664, 39.67354660019549], [116.66245830011053, 39.67561720017369], [116.66052649969822, 39.67528680004585], [116.66029759975447, 39.678789100036965], [116.66383579978242, 39.68237889956663], [116.66058780018693, 39.68620229979638], [116.65706660004366, 39.68548589985443], [116.6565708002023, 39.6875805000401], [116.65197700023839, 39.68769730039014], [116.65194670028006, 39.68553259984964], [116.64705039985608, 39.68580140001467], [116.64498189979486, 39.687293600119574], [116.64549709981134, 39.69357000015543], [116.64154760024167, 39.693867299836086], [116.64021679966561, 39.69985689977614], [116.64281780000158, 39.699914899752855], [116.64210950025324, 39.70267850021264], [116.64728000037178, 39.70302879963947], [116.64733059982734, 39.70746599975615], [116.64240300029826, 39.707092399794476], [116.64231189987436, 39.70896060015161], [116.63916510008937, 39.70847799966003], [116.63769790023798, 39.70962999972477], [116.6366758998729, 39.71485289974157], [116.6331243997713, 39.71484509992149], [116.63137389998553, 39.723367400285326], [116.62531290017023, 39.72235569985571], [116.62558609981875, 39.72382660041734], [116.62145779973775, 39.72726630039949], [116.61587249991601, 39.727274100219574], [116.61600399968495, 39.72478380013234], [116.61020610013145, 39.72435580018009], [116.60985200016978, 39.72097820018382], [116.60900210036675, 39.72292379979359], [116.6070795998437, 39.72293159961367], [116.60619930025757, 39.72066689985758], [116.60306250003441, 39.72033220007103], [116.60359879994473, 39.71823859993151], [116.59880270018448, 39.71751480036778], [116.59799319972649, 39.71348300024033], [116.59461370036206, 39.714619399765525], [116.59479579958656, 39.7113501995521], [116.58447499992133, 39.710564100353], [116.58455600005937, 39.712331000175595], [116.57424529978084, 39.71216749983029], [116.57417449975344, 39.70931859957375], [116.5676916000873, 39.70839069977103], [116.56723370037503, 39.71393870021092], [116.5399211000788, 39.71418390036678], [116.5300618001121, 39.71099160028217], [116.52442380001844, 39.71243370005527], [116.52638419977109, 39.71427189992829], [116.5210203004466, 39.71592310017098], [116.52318559993557, 39.71871720023864], [116.52847750043634, 39.71718390021687], [116.53127020025954, 39.72128550032562], [116.5316648002904, 39.72743360038038], [116.52604120014132, 39.72897439984871], [116.5264847997338, 39.73850419990896], [116.53212270000267, 39.7371067002141], [116.53386000043872, 39.74054890031158], [116.53178509990255, 39.74161070017374], [116.53089789981823, 39.73961910024133], [116.52652770009331, 39.74082589959562], [116.52667080021729, 39.74201429972021], [116.521528599965, 39.74230130036477], [116.5347837004075, 39.759493700174176], [116.54225109960862, 39.76458060021457], [116.55421109986241, 39.76972929986732], [116.57105830030036, 39.77094249969667], [116.58625610003901, 39.77483879987079], [116.5858513997224, 39.78730360038088], [116.58102490017905, 39.78729579966148], [116.57997259985564, 39.79098119982257], [116.56844769970166, 39.791478800106574], [116.56129400021803, 39.79398219971881], [116.55918249997251, 39.79307470013737], [116.55663539960403, 39.79595529969737], [116.54927780043022, 39.7924769000889], [116.53233140027396, 39.81428300006047], [116.53044319989385, 39.8143949998294], [116.52871170008495, 39.81692300039623], [116.52974370001186, 39.82047520017039], [116.53373040003794, 39.820513999621426], [116.53396309961738, 39.822604499797876], [116.52894510023623, 39.82363129984469], [116.52706390017886, 39.82241049984475], [116.52586820025726, 39.825781600440564], [116.5205602000932, 39.825843200403426], [116.5201583002654, 39.82863349993613], [116.50911699974984, 39.82929599991053], [116.50774169981969, 39.82421810028518], [116.50604329955866, 39.82520989961722], [116.50427000016043, 39.820474499598504], [116.48897359965201, 39.81485989986453], [116.48937930001478, 39.81750319981285], [116.4872902999075, 39.81922420003684], [116.48711239961756, 39.81714490001718], [116.48350860034168, 39.817584399600435], [116.48369309985674, 39.81517160038908], [116.47943089971636, 39.81566709985685], [116.47919379975417, 39.81153269967439], [116.46834619971742, 39.808340500313875], [116.46260770038509, 39.813685100187286], [116.45718909979723, 39.81316239982493], [116.44766660043331, 39.82150429978367], [116.43826189966705, 39.819335900331566], [116.43698619965346, 39.82655109995335], [116.43471320005415, 39.82838900035216], [116.43416679985796, 39.826500799971996], [116.43018379964269, 39.82646000042871], [116.43034100023704, 39.829014299870096], [116.42383589990686, 39.82875690041067], [116.42431479968832, 39.83081640005685], [116.4188971002211, 39.830805600098415]]]}}, {"type": "Feature", "properties": {"shapeName": "Dongcheng District", "shapeISO": "", "shapeID": "62558664B68263371825694", "shapeGroup": "CHN", "shapeType": "ADM3"}, "geometry": {"type": "Polygon", "coordinates": [[[116.38131050007962, 39.959674299829146], [116.38020510018532, 39.955319400270184], [116.38732980013026, 39.955675899623145], [116.38792390036781, 39.941027100020676], [116.39025520031726, 39.93858270043131], [116.39107540000975, 39.92697909970576], [116.39318840032445, 39.92696969999173], [116.3932676998445, 39.92208230015808], [116.38615429988113, 39.920877499996664], [116.3854784000082, 39.910279899797615], [116.38644090032733, 39.90654919988572], [116.38929610033483, 39.90665189976539], [116.38966939992292, 39.898726099929604], [116.39162979967557, 39.897094399686864], [116.39251620026255, 39.879644100394955], [116.39117170031375, 39.878787499743396], [116.39258290028067, 39.87883779972475], [116.39296239979501, 39.87072190029551], [116.37499069966111, 39.86973670018864], [116.37497250008084, 39.86659830007153], [116.37238629988792, 39.865428600449604], [116.38170970014266, 39.86567569997362], [116.38142459976552, 39.86377120028072], [116.38482800041197, 39.86383640022973], [116.38686109956018, 39.860942999719725], [116.38873590004187, 39.861302500110355], [116.38927939992448, 39.85718879962343], [116.3943621999556, 39.85655029985651], [116.3944074997064, 39.85823409962404], [116.40485749957406, 39.857534999940356], [116.40483310006755, 39.858587499913256], [116.40725219992919, 39.85867639969615], [116.40763890031508, 39.86247209990756], [116.4095187999527, 39.861829000108344], [116.41051510039165, 39.86392150037699], [116.40942999999459, 39.86828309988522], [116.40731930014567, 39.869070700052816], [116.41515310023544, 39.87136939957816], [116.43725880035345, 39.870795999935524], [116.43950560000349, 39.87703640010983], [116.43788989959921, 39.88851549959071], [116.43968910037177, 39.88972399956299], [116.44462940012681, 39.888715700369346], [116.44467660014504, 39.89018219964885], [116.44400239999084, 39.8922616003926], [116.44089329978601, 39.892856599952154], [116.43968839979982, 39.89861460018369], [116.44285109959867, 39.89962800033203], [116.44230520032477, 39.90179949974714], [116.43000209971717, 39.900449700093645], [116.42809299999203, 39.927281899640036], [116.43280210023681, 39.92713099969592], [116.43407220017195, 39.92831319989432], [116.43414009988578, 39.92729829967686], [116.43753509996498, 39.92724389968629], [116.43759140022303, 39.93587369961159], [116.4404867999259, 39.944675000251095], [116.43536699998708, 39.94361959996462], [116.43237610037681, 39.9451404003093], [116.43545060006522, 39.947035500288166], [116.43301269987626, 39.948079800242624], [116.43262679988698, 39.95082589989539], [116.42910370037555, 39.95083259984466], [116.4297345001471, 39.94786809983299], [116.42392879987426, 39.94873860040616], [116.42291310015946, 39.95038290015077], [116.42403909992458, 39.9496949997245], [116.42482200023517, 39.950871800393315], [116.4226745001281, 39.95426190006668], [116.4243028000343, 39.958068099863], [116.41892520043768, 39.95799200013073], [116.41884480014744, 39.960784100106196], [116.40783700027737, 39.96057429996404], [116.4077816002407, 39.962470499813776], [116.4050121002283, 39.963616600325906], [116.40500419968419, 39.969874899706895], [116.40264430039417, 39.96991799971596], [116.40299159968265, 39.97264649963631], [116.40128229963852, 39.972578099899465], [116.40164709973396, 39.960589100106915], [116.38331909989665, 39.96161979961414], [116.38343099984081, 39.95974419963517], [116.38131050007962, 39.959674299829146]]]}}, {"type": "Feature", "properties": {"shapeName": "Fangshan District", "shapeISO": "", "shapeID": "62558664B87645971027140", "shapeGroup": "CHN", "shapeType": "ADM3"}, "geometry": {"type": "Polygon", "coordinates": [[[116.24424489988223, 39.792069599832246], [116.24355159992649, 39.802105700217965], [116.22820190019763, 39.8217809995935], [116.22192569981121, 39.82428499995285], [116.22179589976099, 39.82308849963459], [116.20728439965535, 39.82280769981554], [116.20691110006726, 39.81835830039529], [116.20988070013425, 39.81599010036291], [116.20413630035, 39.810019500399676], [116.20178329975954, 39.81000699982326], [116.20246720000137, 39.80541889976246], [116.19572020002727, 39.79838430019532], [116.19393680034307, 39.7766741003295], [116.18979019995777, 39.77747370015118], [116.19034089981278, 39.77919110038903], [116.18263009999919, 39.780707799825166], [116.18106959998215, 39.77894419961518], [116.17804040004444, 39.778803099583456], [116.17757190002328, 39.782609499928526], [116.17290629998581, 39.781737299636745], [116.16966079960628, 39.78355799960207], [116.1635268998466, 39.782984400309886], [116.15989200021568, 39.773680900253396], [116.152881800155, 39.766646399611716], [116.14976619965046, 39.7655238001833], [116.14548219994367, 39.766172400236144], [116.14087359983682, 39.76876680044751], [116.14191219988822, 39.765074800161926], [116.13379850020067, 39.764376300326035], [116.13314949994947, 39.766646399611716], [116.13172149974753, 39.7652245004104], [116.12887899996599, 39.76585899999293], [116.12501690010993, 39.762715599645276], [116.11573490014564, 39.7611189001172], [116.11566999967079, 39.765010799908566], [116.11235970043992, 39.77039909963878], [116.11547759961161, 39.76889370018415], [116.1158906995962, 39.771874700057424], [116.11472030030166, 39.77302119986854], [116.11476619990026, 39.77123969955255], [116.11237949991403, 39.77134550029467], [116.11276089969579, 39.773648500378044], [116.11720429973866, 39.778565999621264], [116.12653539998882, 39.778429399797005], [116.12520229984636, 39.783619700288966], [116.11596010027847, 39.78471239995736], [116.11436050043676, 39.78908290005586], [116.1036075999109, 39.78799030021224], [116.10271889975752, 39.785258700328825], [116.09623159970863, 39.784507500221025], [116.09507630003134, 39.781434399877696], [116.08645620019354, 39.78095629959358], [116.08306489992526, 39.790301399589964], [116.07998580020455, 39.79174989983807], [116.07910609956696, 39.79474340028776], [116.0808027002845, 39.803245599904585], [116.0784147997033, 39.81092099970442], [116.08001720003381, 39.81521690013989], [116.08309629975452, 39.814782499712635], [116.08356760026459, 39.81610980012721], [116.07871599974362, 39.81873679986347], [116.08267480010204, 39.818254200271156], [116.08292620018403, 39.82853390001952], [116.08034979990339, 39.82913709959752], [116.08055399996715, 39.82667589977302], [116.07786769983454, 39.825047199668575], [116.07791480002811, 39.82941459980401], [116.07896739982573, 39.82825639981303], [116.08038119973264, 39.829836800028374], [116.07895170036079, 39.83167060041791], [116.07714500014174, 39.83027109973153], [116.07739640022373, 39.827677300267226], [116.07621820020984, 39.829185400385995], [116.07700369956115, 39.826639700262035], [116.0734061002114, 39.83212900015326], [116.07346899969468, 39.83078989973416], [116.07298199971956, 39.83200840016758], [116.07108110001286, 39.83068130030182], [116.07090939964917, 39.833037099582555], [116.06689439975685, 39.83721800011068], [116.06166600038569, 39.837930200218636], [116.06023299995309, 39.84004409985539], [116.05278070036911, 39.840744800332345], [116.04846739985067, 39.84437490028148], [116.03964490039186, 39.84557799982491], [116.03522349956495, 39.843381400331396], [116.02707410038943, 39.84318169957584], [116.02638059988487, 39.84484579969393], [116.02455999974427, 39.84185039987608], [116.01267960028338, 39.83921920030588], [116.0107179001111, 39.84778559982561], [116.00139990028526, 39.848726900426186], [115.9847255999066, 39.8398782001189], [115.97933089970127, 39.84722080039967], [115.98031180014948, 39.85945670006669], [115.98300909989007, 39.8596450001167], [115.97933089970127, 39.865762099641245], [115.98754549972512, 39.86627829970382], [115.98962979997532, 39.87465309956093], [115.97982139983776, 39.87342990016981], [115.97013549995347, 39.86919549987249], [115.9710598995947, 39.86732010044233], [115.96221699991463, 39.86638849992937], [115.96412790008253, 39.87060700021294], [115.96081750012763, 39.8704187999877], [115.95614830010402, 39.86598929986633], [115.94730540042394, 39.865456900315735], [115.94297069963818, 39.871445500209745], [115.92008319997979, 39.874106999738274], [115.91592180035082, 39.882622899627165], [115.9304865996769, 39.896724999559126], [115.93915610017393, 39.9000505000306], [115.9375956001569, 39.9035088996161], [115.93967630042096, 39.91015919998716], [115.93526540007826, 39.9163929002122], [115.9298902996976, 39.91625990037414], [115.92780960033281, 39.914531100330066], [115.91688600038867, 39.91266919972384], [115.90622249966873, 39.91333409998879], [115.89694619960744, 39.912137200371546], [115.89408519987217, 39.913999100078456], [115.88662949995148, 39.91433160012332], [115.88420200042208, 39.91592740032934], [115.87440550011377, 39.914930000019524], [115.86686300032727, 39.912802199561895], [115.86348190016963, 39.905420600180605], [115.85385870011896, 39.899102399656044], [115.83894719955367, 39.89584329972854], [115.83400560027826, 39.89970100010112], [115.82889060002128, 39.89803820040265], [115.82082789998765, 39.908413200408916], [115.81319879998466, 39.91246970041641], [115.80461589970412, 39.912203699840916], [115.80140819962878, 39.91805519988759], [115.79325890027803, 39.92131319994428], [115.76759719985091, 39.91911909966677], [115.76378260038678, 39.92390629973602], [115.7562400997009, 39.922377099723406], [115.75459289964272, 39.91991699976978], [115.74375599973962, 39.917456799991385], [115.74306250013433, 39.914065600447145], [115.72485649962778, 39.90568659985678], [115.71505990039418, 39.90522109997386], [115.7135861004183, 39.903225900055304], [115.69884799993531, 39.902560899965636], [115.68497680003941, 39.89843729974166], [115.67535359998874, 39.891386800160774], [115.67387980001286, 39.88586560041716], [115.64847809988441, 39.881009200214464], [115.6427563000633, 39.87442259972323], [115.6376412998062, 39.87488839997974], [115.63469360002966, 39.870696599668406], [115.62368339986904, 39.87016429994253], [115.6162276001237, 39.86497410017466], [115.60946539980841, 39.856322899981876], [115.60677780015544, 39.84234559986959], [115.60096930029306, 39.839616400276725], [115.59802159961714, 39.83575540029153], [115.59925080018434, 39.833022900186734], [115.59229969997125, 39.82670099985131], [115.590305799573, 39.8197763001362], [115.57903540036352, 39.81205170022582], [115.56880539984934, 39.810520000097995], [115.56296660002863, 39.81205959987068], [115.56058080026378, 39.809128700329325], [115.56056030021773, 39.8036666004333], [115.55638029991098, 39.80250169959379], [115.54842999984464, 39.794095099709125], [115.5452334999261, 39.793370800122375], [115.53904539982545, 39.794693299955895], [115.5331851997372, 39.79324490043189], [115.53134110031158, 39.79132409962756], [115.50790010030948, 39.78760829968331], [115.50134310010401, 39.782380699809494], [115.4863031997329, 39.794976699714994], [115.47753329982197, 39.79749560004194], [115.4749515000118, 39.79670849989742], [115.46950110029559, 39.790599899865526], [115.45200229966645, 39.78112099963448], [115.44716650023383, 39.780743000189375], [115.43749510011878, 39.784427699778576], [115.42757770035064, 39.78096349956593], [115.42480990005686, 39.7741891997718], [115.41872459966066, 39.773610100225994], [115.42098489993327, 39.76848749979831], [115.4246939999282, 39.771115700129485], [115.42927249972615, 39.769066600243434], [115.42811340041317, 39.763230799661756], [115.43344530006061, 39.75071100021256], [115.44237050029847, 39.74723540019363], [115.44660119988555, 39.747146299861924], [115.45338199997934, 39.7425118001795], [115.45767070044258, 39.74202160041659], [115.46080029979407, 39.7388575003734], [115.4646833997192, 39.74113040014788], [115.47604319963398, 39.74132800008721], [115.47992569971132, 39.7404172998186], [115.48321480012294, 39.737483499963616], [115.48594039972977, 39.737571000401374], [115.48604249976165, 39.73455270024698], [115.48284599984311, 39.73199989997545], [115.48214929955054, 39.72837549992943], [115.48407540005974, 39.726642000028335], [115.48509989964077, 39.71283550005836], [115.48702600014985, 39.70886329980152], [115.48417969983336, 39.70004929983537], [115.48711299966521, 39.70038470019381], [115.4930986003202, 39.695443799691645], [115.49341570037438, 39.69321719971407], [115.49153290042307, 39.69162489966942], [115.49385929996674, 39.689209200144546], [115.49114050013407, 39.688216999714825], [115.49057989964274, 39.684463799664684], [115.48735650010246, 39.68489519995359], [115.48679600033518, 39.68230670019409], [115.48239530010312, 39.6799986000554], [115.48390889957614, 39.67691369970754], [115.48194689992954, 39.676439099584854], [115.48197490032146, 39.67328929966152], [115.48018100015315, 39.67255260022239], [115.48578680002083, 39.66784919988072], [115.47636899972963, 39.661893999908216], [115.47182820041121, 39.652917100343984], [115.4724448997124, 39.64937790026994], [115.47849919957844, 39.65032739998958], [115.48062940032662, 39.648557800402216], [115.48606709981686, 39.64782400037734], [115.48842159957724, 39.64778079964424], [115.49071999962837, 39.65140650010994], [115.5005883998349, 39.650944399664354], [115.50356130041371, 39.64853320034695], [115.50538479996862, 39.643191800261434], [115.50954690016943, 39.64154350033232], [115.51010189968304, 39.639895099679165], [115.51640730015686, 39.63893880018554], [115.51494980039308, 39.63721200023366], [115.5161271001856, 39.63496709995178], [115.51450180041786, 39.62725659961245], [115.51747250035567, 39.61907789962544], [115.5132119999339, 39.61691880006265], [115.50682129966333, 39.60966360039487], [115.50603649998459, 39.60370340019182], [115.50934399962591, 39.593466199705404], [115.5081666998334, 39.59065830044028], [115.5130999003402, 39.59165190021508], [115.51169839956151, 39.59519410042742], [115.51354840033844, 39.59679239984945], [115.51758459994937, 39.597181200152306], [115.52447980010277, 39.601759699950264], [115.52526459978151, 39.60590609978675], [115.5277872997442, 39.60750419955923], [115.52783420028823, 39.61196210027077], [115.53970949969369, 39.61766109958012], [115.54565179979079, 39.61301880007761], [115.54848270011655, 39.608030599732444], [115.55666729965617, 39.60636780003398], [115.56158500034758, 39.59812919980277], [115.56782300023133, 39.595483100264914], [115.56569269965837, 39.59045050039032], [115.5746901999928, 39.588268899789966], [115.58091270006116, 39.58854969960902], [115.58194980004328, 39.59209210037017], [115.58604200043806, 39.595267100196565], [115.59279709970644, 39.596476600215], [115.59394630018164, 39.5999322002109], [115.60112180013107, 39.59872280001724], [115.61233360041535, 39.60280459975252], [115.61530469965226, 39.60217830018843], [115.61967729966773, 39.598333999714384], [115.62629220002509, 39.59645500029808], [115.62833829977274, 39.59701659993618], [115.62834149956063, 39.60248579997972], [115.63202789976788, 39.603111899894316], [115.63571439979978, 39.60213460033157], [115.63733959974275, 39.59779750015457], [115.64241350008308, 39.597705899707535], [115.64413779991958, 39.59976759999478], [115.65157020020467, 39.59901930020061], [115.65446390018894, 39.602363699924865], [115.65937919969042, 39.60418089972882], [115.66153949984812, 39.60867020026956], [115.66116299957287, 39.61433500016017], [115.66484939978, 39.60900619957653], [115.68207280011973, 39.600042500261225], [115.6832619997416, 39.59156630004475], [115.68823670036352, 39.586495399842875], [115.68737730012242, 39.57921460007378], [115.68850699969835, 39.57750360031093], [115.6918762998514, 39.5781299996998], [115.69304569999906, 39.57660229975636], [115.69122230026903, 39.57629680005732], [115.69356099984032, 39.575701000101105], [115.69324389978624, 39.56853589991192], [115.6903899003737, 39.569895600201846], [115.6884277001783, 39.56916230020005], [115.68894300001955, 39.5660607003411], [115.68602949966169, 39.56462450012066], [115.69276819979268, 39.56210340005191], [115.69913039964831, 39.562042300112125], [115.69871409987582, 39.560881000158076], [115.70242040028131, 39.56016279977342], [115.70422399963797, 39.56188949990053], [115.70951590013874, 39.559169600196924], [115.71225100018353, 39.55987250041562], [115.71108169986064, 39.55913909968973], [115.71419340000546, 39.553546199697394], [115.71248889964306, 39.552598799894724], [115.7167104998897, 39.5511622003753], [115.71462940032666, 39.5501382997428], [115.71665509985303, 39.54358400020152], [115.71540039990862, 39.54226870034029], [115.71752399963293, 39.54368129965229], [115.72094990041762, 39.54272719990041], [115.72035530015705, 39.54615070039455], [115.71803640005987, 39.547495599642275], [115.72219850026067, 39.54549350012496], [115.72418049993018, 39.54634940020469], [115.7306814004263, 39.54436259995407], [115.73246520030875, 39.54514200010328], [115.7330200999977, 39.543323300230156], [115.73087960021348, 39.542818900172165], [115.73319850031055, 39.539074199614674], [115.7315534999941, 39.5387074003263], [115.73589399960849, 39.53508479982372], [115.73868859969923, 39.52352780016787], [115.74584349977772, 39.5155928002676], [115.74602190009068, 39.510592799917845], [115.7478651001943, 39.510791599552704], [115.74897500029613, 39.51418609960888], [115.75151189965447, 39.51472129964833], [115.75349390022336, 39.51270289991896], [115.75916230010012, 39.51375799983185], [115.76295739956436, 39.50767950010891], [115.76472330024012, 39.50976640029921], [115.76132580004571, 39.514697300340174], [115.77046159992301, 39.51156310005706], [115.77184340015287, 39.51261309991469], [115.78058739958885, 39.50892190002571], [115.79984900003137, 39.508890099998155], [115.79964279987541, 39.50713979986193], [115.80176689962275, 39.506630699946925], [115.80238559991551, 39.50850820019332], [115.79885910006749, 39.51030609964681], [115.81467669996982, 39.508540000220876], [115.82257519998552, 39.505835100309696], [115.8241424997766, 39.50823770030968], [115.82162659958794, 39.51040159955426], [115.82329700035632, 39.510242499591754], [115.82346199987148, 39.51169030016729], [115.82026549995294, 39.51302679974708], [115.81752269991273, 39.51089480035478], [115.81801760043197, 39.512644899942245], [115.81609969994122, 39.512994999719524], [115.81490359982138, 39.51581100007763], [115.81661530015606, 39.51622460008525], [115.8136456002643, 39.517401899877825], [115.8183268997667, 39.51757689985408], [115.81810009973992, 39.52125180043032], [115.8135836999279, 39.5219993996526], [115.8152334999262, 39.5219675996251], [115.81304749984236, 39.52958710026451], [115.81667709976841, 39.52941220011297], [115.81824439955949, 39.53300690004846], [115.82230710039244, 39.534279300449384], [115.82267830006356, 39.54016390004398], [115.83608309985527, 39.54035480003404], [115.83996020040297, 39.542167800003995], [115.84082629969407, 39.55008720026416], [115.84532209963527, 39.549212599681766], [115.84688940032561, 39.55253600023627], [115.84952910028778, 39.55377630023611], [115.85588090038334, 39.54732030019176], [115.85988169998052, 39.54859240021915], [115.86033539985885, 39.54520529978481], [115.8661921996104, 39.54488719968458], [115.86730590024717, 39.54760650043971], [115.87693669956911, 39.546906800008855], [115.8775553000371, 39.549928200126374], [115.88159740009996, 39.54949879992972], [115.88275229957901, 39.554444099915315], [115.8811231003508, 39.55496880036992], [115.88704180043885, 39.55511189959452], [115.88739240023915, 39.5606132000392], [115.88627869960237, 39.563490900184945], [115.88464960019894, 39.56277539956511], [115.8841959003206, 39.567338199898074], [115.8899083004278, 39.56875309967586], [115.893290499557, 39.56765610034881], [115.8950227997625, 39.56903920009904], [115.89598389983712, 39.56626369980995], [115.90173310020248, 39.56564389964632], [115.9021042998736, 39.56685210014433], [115.90015339965976, 39.56729540026254], [115.90542449974089, 39.56775830020547], [115.90668250019723, 39.57162130028286], [115.90466149962856, 39.5720504999307], [115.90961089962343, 39.5818579000221], [115.90272290034159, 39.582843399603235], [115.90350660014951, 39.58688029978606], [115.90082570044581, 39.58881920034588], [115.90405489971386, 39.59951419982053], [115.91760400022451, 39.59601819958027], [115.91807829997367, 39.59263339961177], [115.92420330004234, 39.59215659974734], [115.92393520044925, 39.58878750014304], [115.92649240020421, 39.58862850000531], [115.92634799966049, 39.58611740039777], [115.928080299866, 39.58688029978606], [115.92888460044401, 39.58060229985631], [115.93208110036255, 39.580411499691024], [115.93185430033577, 39.57629470014035], [115.93713370026012, 39.5761675998549], [115.93717490000165, 39.573497099911265], [115.94309369991436, 39.57203459991689], [115.94437230024153, 39.56521469999848], [115.94886800035795, 39.56483309966785], [115.95136339960129, 39.55965009987227], [115.95354939968513, 39.55965009987227], [115.95385869991912, 39.56236889970501], [115.95744710010365, 39.56244839977387], [115.95734400002561, 39.56426079989603], [115.96159220041977, 39.563402299876316], [115.9629738999256, 39.56977729978263], [115.96845959983068, 39.569697799713765], [115.9688101996311, 39.56836240000479], [115.96965569995064, 39.57165310031036], [115.9732543002458, 39.57116339967121], [115.97027950029872, 39.576243999960695], [115.9720586003242, 39.58118929994629], [115.97115440035532, 39.58970800032398], [115.97372099982431, 39.5946972996407], [115.97482920020752, 39.59330389995506], [115.98508060008965, 39.59254520040071], [115.98468869982366, 39.58501210032824], [115.98739030012234, 39.58208760036251], [115.99079109992942, 39.58177749973186], [115.98912260032785, 39.57558660004162], [115.9935752004352, 39.57659580035596], [116.00153550006337, 39.575816900229825], [116.0034741002496, 39.57712040008647], [116.0044020998771, 39.58165040034578], [116.0074954997176, 39.58161860031822], [116.00793300010798, 39.586648100229695], [116.01392529981285, 39.58458020001626], [116.01996249996944, 39.58604119994146], [116.01851039973519, 39.57405339984456], [116.02444969969395, 39.57402159981706], [116.02655319957057, 39.57319499964956], [116.02642949962183, 39.57090600021178], [116.03117270035989, 39.570142900274675], [116.09266960002208, 39.57354479995263], [116.09337079962279, 39.57580200026217], [116.09568049965537, 39.57465749964393], [116.0951030998283, 39.57847240038103], [116.09945140016202, 39.57521619986778], [116.09971389967677, 39.569506000401645], [116.10761759957268, 39.56916879960045], [116.11030069991739, 39.572653400034426], [116.11517130041523, 39.57357509991101], [116.11525879995372, 39.56921379987699], [116.12397909955587, 39.56799979965109], [116.12412490034399, 39.566313599593], [116.13240769955576, 39.56775239975349], [116.13325350024888, 39.570337900273955], [116.13657830014847, 39.569348699982584], [116.13961150027058, 39.574227100300504], [116.14057389986567, 39.57078750014307], [116.14346120027426, 39.571889100401734], [116.14564859970312, 39.5822295997163], [116.14798179992022, 39.584836999627896], [116.1496442003197, 39.58429749992973], [116.14897339960282, 39.582521800240954], [116.1593269004162, 39.582364499821836], [116.17064289975008, 39.584836999627896], [116.17096369961507, 39.58883770029968], [116.17874449995873, 39.58970340029174], [116.17857950044367, 39.58847969997822], [116.18456009996873, 39.5882253995826], [116.18435389981266, 39.58615929981187], [116.18779790035285, 39.586016300411984], [116.1878596999652, 39.58800290011379], [116.19056130026388, 39.587812199773225], [116.19014889995185, 39.584935499673634], [116.19225239982848, 39.58487189961852], [116.19272669957763, 39.58793930005868], [116.19393110043995, 39.58509549985746], [116.19433939984344, 39.587871299620815], [116.19426649989907, 39.58525280027658], [116.19569559997205, 39.587702700119564], [116.19531639993193, 39.585174099705], [116.19594380026626, 39.587724800059505], [116.19784489962251, 39.58763750017056], [116.19694519986115, 39.58266860017579], [116.20017809983949, 39.58206319995679], [116.20201550021523, 39.57646600030574], [116.215048899787, 39.57752570025093], [116.21989459985593, 39.584144000045626], [116.2206529001113, 39.58859429968726], [116.21969039979217, 39.59097670001472], [116.21651139978133, 39.59243750029049], [116.21697810025921, 39.59562880032894], [116.21167010009515, 39.60877450004318], [116.2135074995715, 39.61854790036534], [116.21132010014253, 39.623692400184154], [116.213303300407, 39.62766840007663], [116.21021179993465, 39.63106030019276], [116.20974520018092, 39.643458100311136], [116.21062010023752, 39.650599300117676], [116.21697810025921, 39.66306099976538], [116.21385739969935, 39.668179799658105], [116.21540320029749, 39.672624699770154], [116.2130700000805, 39.67962819988156], [116.22170280014416, 39.68826939961315], [116.2203903996973, 39.69495719991488], [116.22269439982676, 39.69915350043374], [116.22324850001837, 39.707388399954766], [116.23809350021497, 39.716228099847], [116.24103910007443, 39.72194860014781], [116.24170989989204, 39.73094329999333], [116.23914340024783, 39.73296200009628], [116.23736440004711, 39.74020610033131], [116.24667200011277, 39.75010450012263], [116.24695010016706, 39.77479190022609], [116.24424489988223, 39.792069599832246]]]}}, {"type": "Feature", "properties": {"shapeName": "Fengtai District", "shapeISO": "", "shapeID": "62558664B41376651817616", "shapeGroup": "CHN", "shapeType": "ADM3"}, "geometry": {"type": "Polygon", "coordinates": [[[116.43725880035345, 39.870795999935524], [116.41515310023544, 39.87136939957816], [116.40731930014567, 39.869070700052816], [116.40942999999459, 39.86828309988522], [116.41051510039165, 39.86392150037699], [116.4095187999527, 39.861829000108344], [116.40763890031508, 39.86247209990756], [116.40725219992919, 39.85867639969615], [116.40483310006755, 39.858587499913256], [116.40485749957406, 39.857534999940356], [116.3944074997064, 39.85823409962404], [116.3943621999556, 39.85655029985651], [116.38927939992448, 39.85718879962343], [116.38873590004187, 39.861302500110355], [116.38686109956018, 39.860942999719725], [116.38482800041197, 39.86383640022973], [116.38142459976552, 39.86377120028072], [116.38170970014266, 39.86567569997362], [116.37238629988792, 39.865428600449604], [116.37497250008084, 39.86659830007153], [116.37499069966111, 39.86973670018864], [116.34422240044353, 39.86753609961136], [116.34323299960329, 39.87227480014195], [116.33808739991366, 39.87214919992567], [116.33605100025352, 39.87464240032659], [116.32631509986209, 39.873951200287706], [116.31915809986651, 39.875003700260606], [116.31507470023723, 39.873759900099344], [116.31462039961184, 39.88006140021349], [116.31728600004897, 39.88311980023866], [116.31796740017546, 39.888446599830786], [116.32011879974289, 39.888525500051855], [116.31964840035346, 39.895619599664826], [116.32247609999206, 39.89563839999221], [116.3083766000002, 39.8956979000381], [116.30467510017581, 39.8941421997028], [116.30495919960742, 39.892591600322135], [116.30117189996326, 39.892371199871036], [116.30025349969935, 39.88958319990479], [116.29654629997185, 39.8905416002147], [116.29726770014429, 39.887661200304194], [116.29292590011028, 39.88815319961054], [116.28875490021858, 39.88530830043777], [116.28874660037536, 39.89502150014215], [116.25292690005642, 39.89516289964814], [116.25200970038748, 39.894077399952096], [116.24176749967046, 39.89439779961879], [116.23533459961209, 39.89262100005914], [116.2339103999451, 39.87576580015161], [116.22781109980247, 39.873181799700376], [116.23051570023938, 39.87784150018513], [116.23082799971246, 39.88821330040355], [116.22145349997913, 39.88768139997666], [116.22216579991175, 39.881991099809454], [116.21663080007147, 39.882303900204874], [116.21649420024721, 39.88002760009374], [116.21284479994767, 39.88007249964619], [116.21204470010287, 39.87538500021765], [116.20433109980047, 39.8770785000728], [116.20623539984388, 39.87339309991171], [116.20111209974368, 39.872523299910426], [116.19824559975473, 39.87811629972748], [116.19177369969657, 39.881642599926124], [116.1881859002591, 39.882383900296816], [116.18578480032829, 39.880488400119646], [116.1746349003804, 39.88157909969573], [116.16577569958895, 39.88404629979698], [116.16388519964232, 39.886142900074844], [116.16117719976796, 39.885505799653004], [116.1473007001672, 39.88756599987107], [116.14798780019692, 39.88508959970534], [116.14490609963684, 39.882852699792295], [116.1412830000105, 39.884290699556175], [116.12554140001566, 39.87973689963826], [116.11971120041164, 39.876509099715236], [116.11522900001842, 39.87746049970235], [116.10610950035323, 39.87161719967406], [116.10236710026152, 39.870923899718264], [116.09720509963574, 39.87217840001318], [116.0957855998256, 39.87102289978702], [116.09772129969826, 39.866962000296155], [116.09475319970045, 39.86574039989961], [116.08997829965881, 39.86762229962949], [116.08064379997143, 39.864683799917486], [116.07212649983819, 39.86907499971153], [116.06391029992051, 39.866895999950486], [116.06107130030034, 39.86448569995514], [116.06472770002335, 39.852400100384386], [116.06287789979535, 39.85170659987972], [116.06025390019738, 39.853291699952024], [116.05750090004653, 39.84926280013815], [116.05350030009879, 39.85177260022539], [116.05023109988542, 39.849791200403615], [116.04846739985067, 39.84437490028148], [116.05278070036911, 39.840744800332345], [116.06023299995309, 39.84004409985539], [116.06166600038569, 39.837930200218636], [116.06689439975685, 39.83721800011068], [116.07090939964917, 39.833037099582555], [116.07108110001286, 39.83068130030182], [116.07298199971956, 39.83200840016758], [116.07346899969468, 39.83078989973416], [116.0734061002114, 39.83212900015326], [116.07700369956115, 39.826639700262035], [116.07621820020984, 39.829185400385995], [116.07739640022373, 39.827677300267226], [116.07714500014174, 39.83027109973153], [116.07895170036079, 39.83167060041791], [116.08038119973264, 39.829836800028374], [116.07896739982573, 39.82825639981303], [116.07791480002811, 39.82941459980401], [116.07786769983454, 39.825047199668575], [116.08055399996715, 39.82667589977302], [116.08034979990339, 39.82913709959752], [116.08292620018403, 39.82853390001952], [116.08267480010204, 39.818254200271156], [116.07871599974362, 39.81873679986347], [116.08356760026459, 39.81610980012721], [116.08309629975452, 39.814782499712635], [116.08001720003381, 39.81521690013989], [116.0784147997033, 39.81092099970442], [116.0808027002845, 39.803245599904585], [116.07910609956696, 39.79474340028776], [116.07998580020455, 39.79174989983807], [116.08306489992526, 39.790301399589964], [116.08645620019354, 39.78095629959358], [116.09507630003134, 39.781434399877696], [116.09623159970863, 39.784507500221025], [116.10271889975752, 39.785258700328825], [116.1036075999109, 39.78799030021224], [116.11436050043676, 39.78908290005586], [116.11596010027847, 39.78471239995736], [116.12520229984636, 39.783619700288966], [116.12653539998882, 39.778429399797005], [116.11720429973866, 39.778565999621264], [116.11276089969579, 39.773648500378044], [116.11237949991403, 39.77134550029467], [116.11476619990026, 39.77123969955255], [116.11472030030166, 39.77302119986854], [116.1158906995962, 39.771874700057424], [116.11547759961161, 39.76889370018415], [116.11235970043992, 39.77039909963878], [116.11566999967079, 39.765010799908566], [116.11573490014564, 39.7611189001172], [116.12501690010993, 39.762715599645276], [116.12887899996599, 39.76585899999293], [116.13172149974753, 39.7652245004104], [116.13314949994947, 39.766646399611716], [116.13379850020067, 39.764376300326035], [116.14191219988822, 39.765074800161926], [116.14087359983682, 39.76876680044751], [116.14548219994367, 39.766172400236144], [116.14976619965046, 39.7655238001833], [116.152881800155, 39.766646399611716], [116.15989200021568, 39.773680900253396], [116.1635268998466, 39.782984400309886], [116.16966079960628, 39.78355799960207], [116.17290629998581, 39.781737299636745], [116.17757190002328, 39.782609499928526], [116.17804040004444, 39.778803099583456], [116.18106959998215, 39.77894419961518], [116.18263009999919, 39.780707799825166], [116.19034089981278, 39.77919110038903], [116.18979019995777, 39.77747370015118], [116.19393680034307, 39.7766741003295], [116.19572020002727, 39.79838430019532], [116.20246720000137, 39.80541889976246], [116.20178329975954, 39.81000699982326], [116.20413630035, 39.810019500399676], [116.20988070013425, 39.81599010036291], [116.20691110006726, 39.81835830039529], [116.20728439965535, 39.82280769981554], [116.22179589976099, 39.82308849963459], [116.22192569981121, 39.82428499995285], [116.22820190019763, 39.8217809995935], [116.24355159992649, 39.802105700217965], [116.24424489988223, 39.792069599832246], [116.25062480019449, 39.79347629959159], [116.25055639955826, 39.79547840000822], [116.25330500022562, 39.79632319975593], [116.25624480035731, 39.79427650016038], [116.25672620025398, 39.79177239997631], [116.26842110015366, 39.795861299859155], [116.28142769992849, 39.798011200256724], [116.28299899990395, 39.79514680018474], [116.2882182001099, 39.79674470030773], [116.28912759995887, 39.79383549960869], [116.28487180029344, 39.79178660027145], [116.2864474997524, 39.78931370026709], [116.2886671003065, 39.78999649973872], [116.29276360035988, 39.77843800001375], [116.29637370028615, 39.77486559966775], [116.29513329956217, 39.77445330007981], [116.29665860011437, 39.77188960002508], [116.30152869968981, 39.76842660040734], [116.30503699995768, 39.76842660040734], [116.31080639999539, 39.7819716000094], [116.3154761998668, 39.78184410042496], [116.31698880019303, 39.79705599973465], [116.3203747000324, 39.79693079971668], [116.32208440027489, 39.8004594003811], [116.33023070038655, 39.80063970006216], [116.3348401998154, 39.80622840022056], [116.349624199897, 39.80496639957971], [116.35081429974025, 39.79887540017961], [116.36082670029202, 39.79804200023818], [116.3616325998646, 39.79321549979551], [116.35959399956346, 39.79281479966335], [116.36144300029434, 39.78363429988309], [116.36411670002576, 39.782863900148925], [116.36406930035798, 39.78415729971965], [116.37242529988771, 39.78420280001927], [116.37290719980751, 39.777614700358185], [116.37964999994756, 39.777243499787744], [116.37961450010914, 39.7787556000909], [116.38407099967696, 39.7787556000909], [116.38511400011112, 39.76353299974818], [116.39248619977832, 39.76451690033474], [116.38997350027682, 39.78559600005542], [116.41395309975576, 39.7860233003351], [116.41557480043673, 39.788801899687996], [116.41494210039764, 39.79269509989899], [116.42007120022572, 39.793300400293276], [116.42050709982288, 39.790969299993264], [116.42094289959516, 39.793184500164614], [116.42335659992716, 39.79238600021381], [116.42307160027417, 39.802392500313715], [116.41807660015502, 39.802173599931734], [116.41800949993853, 39.80386049966239], [116.42012150020707, 39.80389910036325], [116.42015509977807, 39.805238400431904], [116.4180431004088, 39.805289900108846], [116.41852910033776, 39.807015399641045], [116.41619919973334, 39.809049800108255], [116.41221049961496, 39.80785570008055], [116.40931850024867, 39.81111520020636], [116.40522939981702, 39.809603900299805], [116.40367669962006, 39.81039599977561], [116.40370040035327, 39.81525769968317], [116.41342470038967, 39.8139566999418], [116.41208729968923, 39.82132979983044], [116.40800299983869, 39.82270010042936], [116.40949030043703, 39.828074000215], [116.41373549979357, 39.8251474003323], [116.41476920033836, 39.828423000121404], [116.41898569963041, 39.82859859994551], [116.4188971002211, 39.830805600098415], [116.42548540043094, 39.83163520040421], [116.42830289995891, 39.83697980027762], [116.43060759976095, 39.83787280008971], [116.43015050044528, 39.840009299689484], [116.43231069987894, 39.837705099910465], [116.43630519972521, 39.83803550003836], [116.43604559962478, 39.84109070027563], [116.4378403001898, 39.84059240031905], [116.43804350020741, 39.842685399711456], [116.44053809995341, 39.84270710035247], [116.43984949985463, 39.84671099991277], [116.44563179976785, 39.84803549983849], [116.44560979965263, 39.85058389972727], [116.44996570015701, 39.848298000252555], [116.45178530025146, 39.8491954004474], [116.45188459979454, 39.847756100263894], [116.45403500021519, 39.84726510010432], [116.45517549974954, 39.84932499994886], [116.45813870024085, 39.84896579993176], [116.45955059988034, 39.85201199975404], [116.46185540040642, 39.85191890013721], [116.46077459966807, 39.855144399594394], [116.45707869992214, 39.85469569994666], [116.45021660021598, 39.8595084002925], [116.44708189990979, 39.85902949961178], [116.44246559980763, 39.8618787002419], [116.43894100022703, 39.86123220010603], [116.43642719995535, 39.86868539991133], [116.43909850029559, 39.87058180030988], [116.43725880035345, 39.870795999935524]]]}}, {"type": "Feature", "properties": {"shapeName": "Haidian District", "shapeISO": "", "shapeID": "62558664B9496053300630", "shapeGroup": "CHN", "shapeType": "ADM3"}, "geometry": {"type": "Polygon", "coordinates": [[[116.04254819973971, 40.08390680015873], [116.04520400026445, 40.083067800138906], [116.05181970011915, 40.07357969984332], [116.05353310017244, 40.07417699986871], [116.05806409957859, 40.071671299790694], [116.05898580035444, 40.066062099586304], [116.06568720020414, 40.06035049987571], [116.0621146002087, 40.05068679975608], [116.07212859975516, 40.031418400438895], [116.07460349985172, 40.0317973999301], [116.0782206999254, 40.02972749962447], [116.08874440013403, 40.030468999644654], [116.09439840006621, 40.03257179984871], [116.0988678004087, 40.0310461998223], [116.10880260025988, 40.03172650007798], [116.11542579956108, 40.0285930003667], [116.12382599987006, 40.02987119959624], [116.1285108004331, 40.02912899990349], [116.13429940009735, 40.027335400108655], [116.142888000281, 40.020944000165514], [116.15131520003649, 40.019789300336015], [116.15780379960574, 40.0156036001261], [116.16017310040831, 40.011582500132306], [116.16698480030834, 40.007849999777704], [116.16970410016415, 40.0050039998348], [116.16686180003205, 39.999718599633695], [116.14896609980576, 39.99677259957588], [116.1448150001122, 39.99230170006348], [116.14902270043729, 39.98906599959628], [116.15199910027832, 39.982610299925454], [116.1608824002027, 39.98615400020702], [116.16289679974761, 39.975835900306606], [116.16493669956913, 39.975215600119895], [116.17189809971762, 39.98067410002977], [116.17264280042491, 39.98685169964625], [116.17889039967224, 39.98448749979832], [116.18050929986441, 39.9815972001507], [116.17951350034787, 39.96857130002553], [116.18445890015823, 39.96678140004161], [116.1843672997112, 39.963938699711264], [116.19485340016433, 39.959832399745494], [116.19554019982047, 39.956638300117504], [116.20039400008307, 39.95393559994801], [116.20187600007739, 39.94996360024004], [116.20695939995642, 39.94708420037563], [116.20705659958242, 39.94489980018568], [116.21030069971755, 39.9444195999846], [116.20986570034188, 39.9422956998867], [116.21359759994937, 39.942032399975346], [116.21368920039629, 39.93959239986941], [116.20955869967429, 39.93960390039973], [116.20969600007038, 39.93265640017279], [116.20694859999799, 39.93280570022296], [116.20978560042522, 39.92981080042813], [116.20789959978674, 39.929723899838166], [116.2072068996788, 39.92743329960712], [116.20967960003361, 39.92717869973728], [116.2083288003339, 39.92506299965777], [116.20227610036181, 39.92439620002466], [116.20067980013278, 39.92287930003971], [116.20038840000473, 39.91540460014221], [116.20749550021719, 39.91516860005089], [116.22510900038014, 39.91834679966513], [116.22412449994579, 39.91644149957557], [116.23075259965276, 39.915484500409434], [116.23142800040193, 39.91704729999293], [116.23985350043881, 39.917301999687595], [116.24058619969344, 39.9194267001821], [116.24573760001033, 39.91956720036603], [116.2449820004191, 39.917266800222706], [116.24675789975731, 39.915886099863656], [116.24418379994245, 39.9161841001162], [116.242969600067, 39.91479960012151], [116.24673600036624, 39.91400179984322], [116.24676180011704, 39.89582689969171], [116.25292690005642, 39.89516289964814], [116.28874660037536, 39.89502150014215], [116.28875490021858, 39.88530830043777], [116.29292590011028, 39.88815319961054], [116.29726770014429, 39.887661200304194], [116.29654629997185, 39.8905416002147], [116.30025349969935, 39.88958319990479], [116.30117189996326, 39.892371199871036], [116.30495919960742, 39.892591600322135], [116.30467510017581, 39.8941421997028], [116.3083766000002, 39.8956979000381], [116.32247609999206, 39.89563839999221], [116.33194000043079, 39.89596400043831], [116.33167409968007, 39.897407399731776], [116.3286866004064, 39.89744710030351], [116.3268471001137, 39.936971400409846], [116.32290159982904, 39.938658700338806], [116.32186309960241, 39.94098450003469], [116.32659839979635, 39.94253270002412], [116.33496870034526, 39.94076640004937], [116.34542220037429, 39.94172140002263], [116.34582310015605, 39.949420200182146], [116.34775779998256, 39.944078300073556], [116.3499377997897, 39.94414020040995], [116.34996360043988, 39.94265320018508], [116.36540470006696, 39.9471869002553], [116.36390959964842, 39.966498799779856], [116.37416299962274, 39.96664690013438], [116.37473280017866, 39.971234900370405], [116.37518919982176, 39.9757486004176], [116.37082799961252, 39.99069459987595], [116.34471689986515, 40.025342399931844], [116.38882610024439, 40.03133779959984], [116.38410729991199, 40.035341399685876], [116.38454690021933, 40.03983830039732], [116.37151630023709, 40.04157119955124], [116.37125729998445, 40.04409960031637], [116.36554239976203, 40.043442700420314], [116.36478149956656, 40.04574790024543], [116.36332449982592, 40.04550000032481], [116.35984379975162, 40.05215499965357], [116.36680519990011, 40.05291100034242], [116.36612520001802, 40.05641790036589], [116.37245530037183, 40.05729769992894], [116.37234200018327, 40.058920899779764], [116.37625559971616, 40.060058099701564], [116.37557769975115, 40.06488179965538], [116.36683759977552, 40.06416210010087], [116.36609289996738, 40.06734629999181], [116.36381020028057, 40.06807730042715], [116.35709159999737, 40.06742070000536], [116.35699469984559, 40.06445729986456], [116.35199420037213, 40.06449489962], [116.35192829985124, 40.06620349999156], [116.34861010007614, 40.06578830009005], [116.34767009989525, 40.067352499918], [116.3458192996211, 40.0614091997748], [116.3407661997004, 40.062283099785304], [116.34093659964446, 40.05905300029576], [116.33658689996548, 40.05821600036819], [116.33702950041118, 40.05381899994694], [116.33389420025719, 40.053761099795], [116.33261779967177, 40.057655600425676], [116.32922000000303, 40.05691809969062], [116.32660220033131, 40.06215469997949], [116.32450109984597, 40.062020700095275], [116.32396660037841, 40.05978490005316], [116.3237731004483, 40.05676609987569], [116.32562430002145, 40.05578890013766], [116.32237270043981, 40.053356199828784], [116.32169500012424, 40.054308800410865], [116.31936870040522, 40.05329130025336], [116.31212920020243, 40.060343700101726], [116.30680449962802, 40.058239399828494], [116.30668470003889, 40.05998149994633], [116.30331189972446, 40.058761299794185], [116.29962570006603, 40.060863099952144], [116.29665839956556, 40.05865549995144], [116.28418029988097, 40.08183029972861], [116.27396759962505, 40.0785607002162], [116.26730609999663, 40.09052359988431], [116.2620149000677, 40.09355450043989], [116.2589914000331, 40.09329529963844], [116.25896529990871, 40.09564809968009], [116.25659340006541, 40.09540879997621], [116.25628059967005, 40.0972432002136], [116.26097050028841, 40.09758309988018], [116.26083570000765, 40.10008009991674], [116.25753850030162, 40.100967300000946], [116.25864619976232, 40.1042468999745], [116.25727780033026, 40.10932049994119], [116.25252100004423, 40.10995839986032], [116.25275559989109, 40.11153319999721], [116.25110050018804, 40.10940019965955], [116.25321170005998, 40.10494470013788], [116.2503575999234, 40.103250100411856], [116.24610900023026, 40.10539320013612], [116.23871600014331, 40.1042229995918], [116.2340161997879, 40.10733840044685], [116.23646330004135, 40.109074799762254], [116.23620260006999, 40.11071939988045], [116.23783170037268, 40.1107592002769], [116.23599410034751, 40.11724760019666], [116.23891340043315, 40.117576500255325], [116.24099409979794, 40.13493439960291], [116.22802099976934, 40.135579700043195], [116.2105949003344, 40.14013900021473], [116.21043850013677, 40.14193229963598], [116.2063537002631, 40.139509800337066], [116.20306559989763, 40.13953929989884], [116.19985860039412, 40.142948899572104], [116.19950849971758, 40.149683200219556], [116.19692819997647, 40.15272610042922], [116.19596979966661, 40.159811500000785], [116.1882172002637, 40.15886029966316], [116.186189899944, 40.154648600052894], [116.18375699998558, 40.15374700002411], [116.17644850019815, 40.15687930003969], [116.17805189967544, 40.15489320036096], [116.17687240014118, 40.15151229985281], [116.17432889975896, 40.15018799957659], [116.17429210040018, 40.14586299977765], [116.17147219968228, 40.145877100248015], [116.17182230035894, 40.14317209961274], [116.16157489976183, 40.14132640029317], [116.16159329989091, 40.13815620014856], [116.15761229976783, 40.13825480001907], [116.15991610024787, 40.13755029990648], [116.160284699979, 40.135042200437226], [116.16458080006396, 40.13145109958862], [116.16567549982449, 40.12672789977279], [116.161244499634, 40.126428900373526], [116.16433319961754, 40.12254249993646], [116.16173969962745, 40.12344939967011], [116.14648409956158, 40.12047990032721], [116.12685130034731, 40.12010990035168], [116.12615090024394, 40.11386609984066], [116.12298089974877, 40.11357009968043], [116.12169069996594, 40.11513459988191], [116.10713049977278, 40.11381670008069], [116.09976640029925, 40.11678949993552], [116.09598810017076, 40.11471760043696], [116.0939607000264, 40.11512639986353], [116.09010869955694, 40.11994659965592], [116.08255210019934, 40.117874799982076], [116.07829459991592, 40.11896010002863], [116.07191759991736, 40.113759100302275], [116.06782600026975, 40.11418200019921], [116.06656820036221, 40.107491699782145], [116.06338830012999, 40.103504499732935], [116.05676779969428, 40.10155060028001], [116.05588159965612, 40.09808149966153], [116.0492611001198, 40.09477169955437], [116.04254819973971, 40.08390680015873]]]}}, {"type": "Feature", "properties": {"shapeName": "Pinggu District", "shapeISO": "", "shapeID": "62558664B33295885678407", "shapeGroup": "CHN", "shapeType": "ADM3"}, "geometry": {"type": "Polygon", "coordinates": [[[117.21707019963003, 40.3745104004347], [117.21183870029586, 40.376522700062594], [117.2045377997797, 40.37261950028977], [117.19888589976449, 40.37182489979932], [117.19272460036007, 40.374910999842825], [117.17911630017716, 40.37661109982247], [117.17467729961777, 40.37579800027754], [117.17310050028789, 40.373672899584676], [117.16367469962779, 40.37312510004341], [117.16123900007983, 40.37022410026208], [117.14981550028517, 40.37354330008327], [117.14878639977258, 40.36996269971888], [117.14717399988024, 40.37171380025171], [117.14703380006983, 40.36986939955318], [117.14103349999607, 40.368838899695504], [117.14079330007075, 40.36672180027091], [117.13489290028713, 40.36138960024988], [117.12480730031677, 40.357468500371056], [117.12137680039905, 40.35772990001493], [117.11835800022163, 40.35495899975808], [117.11334950037917, 40.35417470010236], [117.1110853995716, 40.352344700247784], [117.10628269968686, 40.35297209968269], [117.10230330035711, 40.35652750014407], [117.09427200015273, 40.3592504998108], [117.09160369995084, 40.358474099799935], [117.0754484001236, 40.34782640016829], [117.06933560025777, 40.34734569994413], [117.06581969981937, 40.344322500283226], [117.06575110043298, 40.3416554996017], [117.0596447999676, 40.341603200427414], [117.05367579989831, 40.336112100093374], [117.04681480006309, 40.33569370040402], [117.04262959987625, 40.34008669974145], [117.03830720001736, 40.33867470027724], [117.03309290021718, 40.338988499819436], [117.03220089955198, 40.33731499998731], [117.02527140015502, 40.336216700240584], [117.02040009998473, 40.33752420028168], [117.01449960037633, 40.335327699713616], [117.01168669998128, 40.33114360029697], [117.00907949971918, 40.33009749989975], [117.00873640026475, 40.32638389969725], [117.00571760008722, 40.32518089997859], [117.00386519991912, 40.319740700373075], [117.00057189967345, 40.31879910029829], [117.00475709986029, 40.305981500246105], [116.99535759987339, 40.298551400426845], [116.99789610002506, 40.29541169989011], [116.99769030006735, 40.29253349972129], [116.99528889976295, 40.29221949963028], [116.99432840043539, 40.290178499937895], [116.98451719980903, 40.28955049975582], [116.98630110041552, 40.28750940023866], [116.98410559989361, 40.286515000067254], [116.97731320034393, 40.28656730014086], [116.96839400038289, 40.28295599961973], [116.96510070013721, 40.28054829956443], [116.96564960044873, 40.27777420041906], [116.96386569984224, 40.27536629981495], [116.95508369955314, 40.27233020027859], [116.95535809979651, 40.269817499877774], [116.94438059988488, 40.25992270007259], [116.9449295001964, 40.257618899592615], [116.95496309956741, 40.251891300043496], [116.96443119984008, 40.252100799812126], [116.96950839979286, 40.24885419956172], [116.96772450008564, 40.24372209959529], [116.95914829975425, 40.23780410007919], [116.95304200018825, 40.23120449988784], [116.9494742996992, 40.23109979991591], [116.94686720016125, 40.23487099989677], [116.94069230030948, 40.23492339979509], [116.9392515000568, 40.232147400382246], [116.93016249999948, 40.23104389985616], [116.92863430003297, 40.22859940044202], [116.93493370023009, 40.222584700423624], [116.9325194000503, 40.21473589964211], [116.933068099813, 40.210336200355414], [116.9310195997748, 40.20942829967635], [116.92770919981979, 40.21118820007541], [116.92341109964264, 40.209833400191314], [116.93123910000452, 40.195612800190645], [116.93008690029023, 40.19495619976885], [116.9330864001173, 40.19448109962309], [116.93440329987243, 40.19056919980875], [116.93529950037168, 40.1922737001712], [116.93806119966473, 40.192455300271945], [116.9435116002802, 40.189074200114305], [116.94396890014468, 40.185119999788185], [116.93979879957499, 40.18492439994117], [116.94098759989788, 40.17634449979886], [116.94541380040664, 40.17640039985861], [116.94532229978438, 40.17353559958832], [116.95618650040672, 40.174332200170966], [116.95547320042795, 40.16904939990991], [116.95887510010584, 40.16849040021185], [116.95850929996425, 40.16604449965399], [116.9625330997228, 40.164129600200965], [116.96615449963053, 40.153883599848314], [116.96913570005256, 40.153520199997274], [116.96858700028986, 40.15168889972301], [116.9729582998857, 40.151143700121736], [116.97244619983235, 40.14809600023028], [116.97008679966609, 40.14815190029003], [116.96741650027138, 40.14450290018874], [116.9672335997509, 40.140657999866846], [116.96556920015848, 40.13864460036808], [116.96404279973547, 40.13930140043931], [116.96293549957375, 40.12968130035176], [116.95973469999649, 40.126632700238986], [116.96564239957718, 40.122982500442106], [116.96320979999234, 40.11754189973891], [116.96551430014495, 40.11224070024815], [116.97006850026116, 40.10997470007243], [116.96734329995343, 40.102476599815304], [116.96476450028149, 40.1031340995591], [116.96408770018729, 40.10060190005771], [116.96185640035264, 40.09979050023145], [116.96919060006621, 40.096894399956625], [116.96721530034586, 40.0970062999009], [116.96748959986519, 40.095747099748905], [116.96922719977556, 40.09391430030479], [116.97394600010784, 40.09285089964936], [116.97370819957382, 40.0904443003642], [116.97562860017979, 40.09146569998211], [116.97590300042316, 40.08865319978537], [116.97215910026227, 40.08802139996766], [116.97459050015152, 40.08566650000904], [116.97570269981975, 40.080778299778785], [116.96902940018674, 40.080283599808354], [116.9719262999588, 40.07844299964478], [116.97420250024527, 40.07822529985776], [116.9755993002675, 40.08022419958718], [116.97940149987937, 40.07923459999682], [116.9782117004097, 40.077433599680944], [116.98030679971907, 40.07715649967275], [116.97683870004607, 40.06947969962846], [116.9747823003629, 40.06998440006009], [116.97265199979006, 40.0637167000657], [116.96746849997135, 40.06511119962221], [116.96581309989472, 40.06384430037423], [116.96679600043512, 40.061656800221215], [116.96115719994486, 40.06354730016784], [116.96067470017738, 40.06184570011902], [116.9564586001843, 40.06253859987652], [116.95511360021248, 40.06105390011743], [116.9560873996138, 40.050413699932335], [116.95833930021854, 40.049849700003676], [116.95895389960288, 40.04697609986715], [116.96334439972429, 40.04761470035817], [116.96481519956183, 40.043396600272956], [116.96643960000756, 40.04346380031416], [116.96389320021103, 40.0423545998849], [116.96463959973778, 40.03885890001828], [116.96305899987306, 40.03754799964054], [116.96494689987958, 40.035127700083365], [116.97289359995978, 40.03751430024482], [116.9802255999316, 40.03771600019331], [116.9920798003426, 40.032303899905116], [116.9938585999945, 40.028385599615774], [117.00512919975279, 40.029788100440555], [117.00493159981352, 40.03106550017276], [117.00802689992156, 40.031519399700585], [117.00842199997533, 40.029418300114514], [117.01186849973158, 40.02903159972857], [117.0116708997923, 40.030460400327286], [117.01465639987305, 40.03098149989637], [117.01560040023833, 40.028191200363665], [117.01904689999446, 40.02877949997401], [117.01759800044738, 40.03225889962857], [117.02229579981133, 40.03257830014849], [117.02078109956813, 40.03730130031482], [117.02710330027719, 40.04120040007848], [117.03232039966679, 40.048137700194786], [117.04499720006083, 40.04964950012436], [117.04468989991904, 40.050825799870836], [117.0472802999459, 40.05156510014933], [117.04579610020994, 40.058322400058785], [117.05479769965416, 40.058681199877526], [117.05805740032883, 40.06129490043935], [117.06429750012956, 40.062815600059935], [117.06336610016547, 40.0660230995864], [117.067712400407, 40.06685469998445], [117.07475970020005, 40.0673774003468], [117.07474420038466, 40.06371849960914], [117.07657580013313, 40.06374220034235], [117.07688630006271, 40.06717540002472], [117.07885759959856, 40.06718729985408], [117.07924570022897, 40.073744300059445], [117.09107390034023, 40.073471100410984], [117.09497009979032, 40.074849000281176], [117.09754680044455, 40.07421940020521], [117.09602559990162, 40.07135679967661], [117.09909910044314, 40.07329289974757], [117.09768650023182, 40.07193880043536], [117.10046499975999, 40.07054899983655], [117.10839710024607, 40.07089350043475], [117.11125319957557, 40.06947990017733], [117.11280549957416, 40.07105980036954], [117.11902999973472, 40.067828799759354], [117.12146710042646, 40.06443119974011], [117.1332642001828, 40.06255420041606], [117.13636870035532, 40.0644787999567], [117.1493456000195, 40.067424899839295], [117.15381610023292, 40.07433819974818], [117.15005959967084, 40.077378900216104], [117.16933860019628, 40.07158249983257], [117.16924549968007, 40.070275800188085], [117.17396430001247, 40.06828020007123], [117.17983189972244, 40.07386309960242], [117.17526820006742, 40.07892300019637], [117.17921099968794, 40.08367370038104], [117.18392980002034, 40.08122710015061], [117.18240860037668, 40.07849540044242], [117.18535439988568, 40.07166140005364], [117.19211750042234, 40.06884779998603], [117.19130049961848, 40.06620779965027], [117.19279839962655, 40.065756199688906], [117.1944777999106, 40.067840499939166], [117.19928919983681, 40.06891729959375], [117.20164950022433, 40.075169399947924], [117.19733740030085, 40.07510000016492], [117.19742820035128, 40.07735759977345], [117.20146790012359, 40.08110850025713], [117.20355590018471, 40.08065700012054], [117.20505380019279, 40.083157500318464], [117.20909349996509, 40.08385199996985], [117.20809489995975, 40.087220599551074], [117.2048267996172, 40.089200000179915], [117.20496300014236, 40.09496420033764], [117.21803539971404, 40.09336690006245], [117.21844389966634, 40.09735999966432], [117.22248360033791, 40.098540500144], [117.22307370039107, 40.102637400395736], [117.2329687996704, 40.11128179991516], [117.23850640035016, 40.11187199979298], [117.24299999965035, 40.11506560029727], [117.2468127995711, 40.114301899613054], [117.24930929958452, 40.11194139957598], [117.25407520011049, 40.112531499629085], [117.26033909956982, 40.110587499913265], [117.26351639986206, 40.105796699857876], [117.26823699973784, 40.10458159976105], [117.27059730012536, 40.108053300319625], [117.26923559974318, 40.11183719962713], [117.27726970043636, 40.11940450001771], [117.28298879959345, 40.12002919968785], [117.2912045003875, 40.11742599961025], [117.29093210023632, 40.11985569978077], [117.29842149955266, 40.12641549957567], [117.30182580042037, 40.13568149970149], [117.30532079971522, 40.13817999980722], [117.313082600082, 40.13741660039585], [117.31689540000275, 40.13918629980793], [117.32461170006991, 40.1344323000107], [117.32438480021847, 40.13238480001854], [117.3309210000042, 40.13259300026681], [117.33260040028836, 40.13401579968945], [117.33868269964694, 40.133356500402215], [117.34276779989409, 40.13519570032139], [117.34630830038782, 40.13967210008741], [117.34835080014932, 40.13759010030293], [117.35071109963758, 40.14362779958333], [117.34412950027627, 40.143593100141516], [117.34916780005403, 40.147097500049654], [117.34412950027627, 40.147062799708465], [117.35139199974105, 40.154487300348706], [117.35438769993243, 40.155597400099964], [117.3451734998572, 40.17176180016702], [117.36028849991442, 40.170825300147555], [117.36516950017233, 40.17480089984173], [117.37052549985196, 40.17528639974762], [117.37336079966121, 40.171484299960525], [117.37576649962432, 40.17127620043635], [117.37454099976742, 40.175160699706566], [117.38738639966266, 40.17342659995768], [117.3846176002221, 40.176686600106564], [117.39487989988754, 40.182141599855015], [117.39866720043096, 40.182141599855015], [117.40084970035343, 40.18577059993328], [117.39197509957125, 40.191226400078335], [117.38330919995963, 40.189264899555496], [117.3821537995583, 40.18686209990602], [117.37760640011538, 40.186660999805326], [117.37900840001771, 40.193040699568655], [117.37515689957127, 40.193433000033], [117.37355209984958, 40.20039540022759], [117.3761764996458, 40.202840500388845], [117.37690280022412, 40.20058699989016], [117.38728910021189, 40.20191530035089], [117.3803070003678, 40.2061684002515], [117.37472400011256, 40.206480400250314], [117.37463320006225, 40.20901099985781], [117.37213679987349, 40.20866430041718], [117.37150130024486, 40.21729520021336], [117.37622190012064, 40.21892419979201], [117.38198649957735, 40.21833499996035], [117.38761490030743, 40.22041460035359], [117.3832823003379, 40.22661270001612], [117.37880279970955, 40.22605530021201], [117.37462190008068, 40.22871540039546], [117.37004280043493, 40.22927270037485], [117.36795230025848, 40.23140069958265], [117.36350599990203, 40.232008699741755], [117.35458000016695, 40.23142600020981], [117.34923779968472, 40.22808209960925], [117.34558780043665, 40.22798070014926], [117.34180500010075, 40.233275300414846], [117.33898460025921, 40.2335032003125], [117.3369604997273, 40.241836800428075], [117.33344319994376, 40.24512949992652], [117.33559999994009, 40.253638900414956], [117.33075549956675, 40.262856199553994], [117.32982640006833, 40.27326220009053], [117.3253467996152, 40.28814680013477], [117.31718410036603, 40.28333750012558], [117.31023710016211, 40.28380040006846], [117.31036979962664, 40.28137029969963], [117.30751620041235, 40.279041400040626], [117.28886799965846, 40.27691490000268], [117.28574889989193, 40.28263600015134], [117.28647890028105, 40.295746899699736], [117.28024069984849, 40.301162699798795], [117.26776429988263, 40.307539599972586], [117.26471519974677, 40.32413950033771], [117.26842269984775, 40.33150440020796], [117.26131909979665, 40.33416729998095], [117.25340869995159, 40.33474989968818], [117.25483479988611, 40.33749080036023], [117.25081629983242, 40.33984880028197], [117.24777219992711, 40.3565208001948], [117.24377100013157, 40.35697149993484], [117.24171820043466, 40.36240649966027], [117.23757789980027, 40.36503100018058], [117.23642970027049, 40.36826509985451], [117.22988350002356, 40.36927060035799], [117.21987649990058, 40.367585500170776], [117.21707019963003, 40.3745104004347]]]}}, {"type": "Feature", "properties": {"shapeName": "Yanqing County", "shapeISO": "", "shapeID": "62558664B42427478122521", "shapeGroup": "CHN", "shapeType": "ADM3"}, "geometry": {"type": "Polygon", "coordinates": [[[116.28372149994732, 40.3901012003102], [116.28100580007765, 40.39345699984074], [116.27756960025692, 40.39406900018429], [116.28192020015717, 40.39786780035877], [116.28349979997586, 40.401181099728035], [116.28194790017551, 40.40386110010974], [116.28533930026856, 40.40681289989544], [116.28228050004509, 40.41232240035856], [116.28796129977422, 40.41590919974982], [116.29075799978193, 40.422485899604624], [116.28566339974611, 40.43063019962409], [116.28444850019821, 40.43441860003844], [116.28585929996677, 40.436924200291685], [116.28353160000336, 40.43961120009686], [116.28890749988125, 40.449016999834726], [116.28790989992206, 40.45158970030445], [116.29162319975092, 40.45563819994305], [116.29367390043024, 40.454162200225426], [116.29505939957164, 40.45534300017937], [116.29711010025096, 40.46124680029965], [116.3008788001166, 40.46516830037683], [116.29524709977386, 40.4669866000516], [116.28785449988527, 40.47469699966683], [116.28659829987168, 40.4779394000833], [116.2877990998486, 40.479840299790055], [116.28563759999531, 40.48127359969692], [116.28536049998718, 40.48443519962484], [116.29101359969798, 40.485531099980335], [116.29816310024694, 40.484730199738976], [116.30370530005962, 40.490041299866164], [116.30708609984367, 40.49054710016861], [116.3081945997011, 40.49379259964883], [116.31689590022563, 40.49885009995222], [116.32454419985504, 40.49927149977992], [116.33080689961878, 40.497417100418886], [116.3363492001555, 40.49906080031576], [116.34039500002928, 40.49779650010845], [116.34870839957307, 40.50045150023658], [116.36649899962924, 40.49821789993621], [116.37120990031667, 40.49556270015853], [116.37021230035748, 40.49278099994325], [116.3726509002189, 40.48894540040993], [116.37021230035748, 40.48898760019762], [116.3726509002189, 40.48717510025074], [116.36987980031256, 40.486121299858155], [116.3706557003004, 40.48435089987419], [116.37424189984381, 40.48239069977103], [116.37670819972368, 40.483001899717976], [116.37767809966465, 40.481231399909234], [116.38272160022177, 40.48272789967291], [116.37972880034397, 40.48112600026474], [116.38216730038062, 40.47716330044602], [116.3790083003928, 40.47752170006646], [116.38039380043358, 40.47408569989517], [116.38360830028284, 40.474191100438986], [116.38288780033179, 40.4726944001265], [116.38479990019528, 40.47339010037291], [116.38782040009141, 40.47130310035783], [116.39242049980624, 40.47435979976501], [116.3916445998185, 40.47554020041997], [116.3967435004123, 40.47650989981207], [116.39707599955784, 40.478491299633845], [116.40059530033295, 40.480725599606785], [116.40683039990313, 40.48003000008447], [116.41040509981553, 40.4816530002858], [116.42281970016904, 40.47678389985714], [116.42827889975149, 40.47707899979605], [116.43695250025769, 40.48047259963084], [116.44440679993397, 40.48040939977403], [116.44554299980962, 40.47891290001036], [116.44964419972007, 40.479481999994334], [116.45155629958367, 40.486964300062425], [116.46724089964789, 40.48298089964885], [116.47768800010124, 40.48357099970195], [116.48084709991383, 40.48222210026978], [116.48129049985675, 40.48024080027278], [116.48810739963687, 40.48009319994128], [116.50224019972552, 40.48203239997531], [116.51265960016053, 40.489830600401945], [116.51268730017887, 40.49577350034684], [116.50570409956458, 40.49975620018853], [116.50005099985378, 40.50704660022046], [116.49376050024694, 40.5103545000602], [116.49193160026323, 40.51669579967148], [116.48566879977534, 40.51669579967148], [116.48192779992803, 40.51425199992991], [116.47028909956236, 40.512692999981994], [116.4644142998801, 40.51766490011511], [116.4596757000736, 40.517369900000915], [116.4574311001652, 40.51880240041049], [116.45493710026699, 40.522973299578155], [116.46654809971506, 40.53571620014259], [116.47336500039455, 40.54013879976583], [116.4784916001073, 40.55119390037828], [116.49021350035287, 40.553889000377126], [116.49229180032637, 40.558289300410934], [116.49885939994147, 40.56113149981894], [116.50318229982338, 40.571214900047664], [116.5070341995687, 40.57150959978827], [116.51130170031331, 40.57824510013131], [116.51554159996488, 40.57982360007912], [116.51343550014826, 40.58378019979642], [116.51678859991398, 40.58009719992589], [116.5254622004203, 40.589925199888114], [116.52496340044058, 40.59480710036746], [116.52975740028387, 40.59808959975527], [116.52798390033684, 40.60149820028175], [116.52939720022073, 40.60286570039182], [116.52657059955357, 40.60717869963736], [116.53328459980446, 40.61867010004511], [116.53358789976187, 40.624884900118104], [116.5526929003571, 40.62476980038605], [116.55618030038067, 40.62695629959359], [116.56406489957556, 40.62292839982587], [116.56765489965392, 40.62859919999312], [116.56831999956842, 40.63499250020379], [116.55776979993641, 40.635879399914415], [116.54803539961404, 40.641216899640256], [116.54482089976477, 40.641469199943685], [116.54382329980547, 40.64676790021849], [116.53850270013959, 40.64929089965534], [116.53722690030122, 40.65284420019975], [116.5338472003881, 40.655429900369654], [116.52930259963534, 40.65551389974672], [116.52964560016437, 40.65123369967557], [116.52741819979019, 40.65349569966685], [116.52100279963952, 40.65376449983188], [116.52021330010382, 40.65736389962433], [116.51205679988152, 40.65905579958553], [116.51395220023392, 40.66198889976795], [116.50970659977986, 40.66503680020821], [116.50970659977986, 40.66929219967534], [116.49947179958394, 40.67279980027064], [116.49560570044275, 40.67022830039582], [116.48718149992635, 40.672414199755565], [116.48332350007956, 40.67182230015908], [116.47924030009983, 40.675338900270106], [116.47756170021239, 40.67814719973353], [116.48218630015765, 40.69022019980241], [116.48696249971965, 40.69182970028049], [116.48969180003655, 40.69516370024462], [116.49613600007638, 40.69527870015196], [116.4967425001663, 40.69838259957737], [116.49461969993922, 40.70073910032926], [116.49606019981843, 40.705107200137206], [116.49818290022074, 40.705452000209675], [116.49992670005724, 40.70872790037237], [116.49712160038166, 40.71516410004324], [116.49772809957221, 40.71792230007412], [116.50113970023699, 40.71820960019295], [116.50447549974456, 40.724645000366536], [116.50358650011697, 40.733001200445074], [116.50690150010416, 40.73963919988921], [116.49507460041252, 40.74521090016299], [116.49613600007638, 40.75261999991312], [116.49439230006465, 40.758822300308964], [116.48916110020468, 40.75784599989305], [116.485629600126, 40.761804800251355], [116.4795328000987, 40.76335879996867], [116.47377100023152, 40.76950270018949], [116.458684100391, 40.77076579980189], [116.44807019997984, 40.76450720004732], [116.43796629970507, 40.76810130013496], [116.43198069994935, 40.766002599940066], [116.4254408003527, 40.76709390026332], [116.4196768996693, 40.765834700111384], [116.4103659001662, 40.76852110006877], [116.40766160010287, 40.77656459957666], [116.40174809989492, 40.77840169957881], [116.38794999959282, 40.77667939983451], [116.37788830000511, 40.77372569978127], [116.37460679976402, 40.771282599712265], [116.36469779966376, 40.771039500372694], [116.36247669993986, 40.76944520023585], [116.35550180006805, 40.77036389997403], [116.34776879959054, 40.76852660032239], [116.33548700032486, 40.77220119962573], [116.31228809961613, 40.771282599712265], [116.3072800997968, 40.76927659983528], [116.30184870005758, 40.76247650029029], [116.30450899989046, 40.75475200020469], [116.30395470004942, 40.750385699940125], [116.3012945000412, 40.750553599768864], [116.29874500028166, 40.75458410037601], [116.29030219998663, 40.75600830004305], [116.28438869977879, 40.76255489958902], [116.28067730021735, 40.761385000317546], [116.27524589957864, 40.76247650029029], [116.27225850012974, 40.76025789978229], [116.26759759994934, 40.76130109986593], [116.26815179996561, 40.76465929968697], [116.26393970015715, 40.76885689972619], [116.26346409998825, 40.77484220000758], [116.25921860025824, 40.77794239962208], [116.25846049965241, 40.781042399587136], [116.2428428999799, 40.789882499677674], [116.22858990010388, 40.78138690018534], [116.22934799981044, 40.773349499879544], [116.22510250008042, 40.768296899981976], [116.2244959999905, 40.76117670024456], [116.22783180039733, 40.758075700233405], [116.2173694996028, 40.75233279961907], [116.21366930019815, 40.74622290006681], [116.21427580028796, 40.742374600307585], [116.20707360036647, 40.738353600138566], [116.2041168003501, 40.73996199984646], [116.19896149967349, 40.73783659967938], [116.19971960027942, 40.73128769966763], [116.1859215998021, 40.72295690004097], [116.18435299959128, 40.71939280043745], [116.1788107997786, 40.714688099676096], [116.1792499998877, 40.712211599685645], [116.17568669978141, 40.7110621995609], [116.17171670016569, 40.70695810023619], [116.17053140000417, 40.700774799817225], [116.1654518995856, 40.69404970013363], [116.16742310019595, 40.69123309992767], [116.16530029996898, 40.67990769998045], [116.16226769969467, 40.676802900333655], [116.15830449985287, 40.661147799831156], [116.12906139956397, 40.66605009963246], [116.12375440034532, 40.65673350005102], [116.10518009958196, 40.64586239982992], [116.10646899984454, 40.63838390029679], [116.1166279997824, 40.62750989976212], [116.10654480010248, 40.625496000240275], [116.09646160042257, 40.625323299830484], [116.09312580001574, 40.62889079977066], [116.06954770016625, 40.61743969978238], [116.06659099997478, 40.60961270036586], [116.05699220032989, 40.60857439978878], [116.05233669967902, 40.605797400329834], [116.04446670007826, 40.604955800369964], [116.03781600040816, 40.60066380029423], [116.02761820011995, 40.599232999603316], [116.0238495002543, 40.595950600040226], [116.02240850035207, 40.597886399737604], [116.02462540024214, 40.60335690020082], [116.0238495002543, 40.60596570035682], [116.01830730044162, 40.60461920031588], [116.0097722000271, 40.599064699576275], [116.01099149995787, 40.59620309999315], [115.99846599970613, 40.582566800317636], [115.98982010011764, 40.582819400095275], [115.99015260016245, 40.57936780028382], [115.9772945998659, 40.578189100246846], [115.96997890010618, 40.58761759977244], [115.96598840044442, 40.601084600274135], [115.95911609972825, 40.600158800388385], [115.96199799970793, 40.604535100214775], [115.95712079998498, 40.60672310039081], [115.94226759976993, 40.60806949970771], [115.92896620042984, 40.61261349971329], [115.92187209991755, 40.611351300322326], [115.91322620032895, 40.61564269965095], [115.90214169997955, 40.61614749990724], [115.88706679979305, 40.604955800369964], [115.88218969989475, 40.59536150003328], [115.87897510022071, 40.59409890044395], [115.86223759998529, 40.594519800248634], [115.85846880029499, 40.59073210040617], [115.8474951998437, 40.588627700308166], [115.8408445001736, 40.591321300237894], [115.82222250026825, 40.586270800257296], [115.8150175996825, 40.56715949991104], [115.8146850996377, 40.55772810007181], [115.80615000012244, 40.55587540042944], [115.79927759958161, 40.557559700220054], [115.79218349996859, 40.556464899735374], [115.78885820004598, 40.56025449984537], [115.78276170039226, 40.55974919956594], [115.77001450016905, 40.55056950018235], [115.76890610013652, 40.54711619975285], [115.76469400032795, 40.54720050040282], [115.75826499973005, 40.5397038003901], [115.75250100012113, 40.53717660021999], [115.74917570019852, 40.53877710028303], [115.74640460029218, 40.53574450000872], [115.7490648003004, 40.53321720001384], [115.74950820024333, 40.52942600000995], [115.74551780040622, 40.528330800226286], [115.73764779990609, 40.51754249968667], [115.73717750034143, 40.51241799989083], [115.73272679960223, 40.511039900371145], [115.73490449984286, 40.51021320037893], [115.7297314996091, 40.50288309977526], [115.73717750034143, 40.49346609988066], [115.73850999973672, 40.49757869959734], [115.76194539966048, 40.4970422998623], [115.76774540003021, 40.49275079980964], [115.7728400998908, 40.49310839993274], [115.77589690002196, 40.49137980043747], [115.77605359969391, 40.48851860015333], [115.77142930012212, 40.48547839970843], [115.77001839962952, 40.48154380010635], [115.7709589996582, 40.47647620041636], [115.76578600032371, 40.471885299866756], [115.76351299982514, 40.46705549981152], [115.76555079972968, 40.46168860034868], [115.76774540003021, 40.460495899666114], [115.77417250036069, 40.46276199966661], [115.7728400998908, 40.45620210004694], [115.76852919966291, 40.45644060025353], [115.7668048998263, 40.45131150042545], [115.76805899992291, 40.44648020030104], [115.76484540029503, 40.44576440020694], [115.76555079972968, 40.44206619999517], [115.76813730029619, 40.442841599959934], [115.76939140039292, 40.440097600224135], [115.77378060009471, 40.44075380044757], [115.78420509968566, 40.430791100029296], [115.79102410028202, 40.43102970006066], [115.791651100418, 40.427688599948965], [115.78898619965344, 40.426793600044675], [115.83058540029606, 40.38437929976493], [115.83136919992864, 40.37999100028446], [115.83473950012785, 40.37957309971881], [115.83517060004317, 40.376557799702766], [115.8381489999764, 40.37679670010766], [115.84081389984169, 40.37381110020215], [115.84304769979155, 40.37387079989753], [115.84293009994417, 40.37557259959584], [115.84986670038802, 40.3758412999361], [115.85010519969524, 40.374551299802704], [115.85439650009846, 40.374312500121846], [115.85631670015562, 40.36801259990159], [115.8522409996225, 40.36716170005246], [115.85608160028573, 40.36696760027456], [115.85312280017718, 40.36641519980168], [115.85590529988974, 40.36568360041787], [115.85596400043835, 40.36350380026022], [115.85208429995055, 40.36305590010977], [115.85604239973702, 40.36266769965465], [115.85212349959988, 40.3620556003857], [115.85719849981103, 40.36092079985508], [115.85853100010559, 40.362563200231534], [115.85653230002572, 40.35956209961125], [115.85845259990765, 40.35796449986185], [115.863958700034, 40.359114200360125], [115.86683919976929, 40.3582183002344], [115.87017030031916, 40.36080139956499], [115.87207100037642, 40.3579793998295], [115.87716560041224, 40.358203400266746], [115.87932100016405, 40.355784400229936], [115.88498499965806, 40.35643949968323], [115.88714639968669, 40.354201099701015], [115.90350050004815, 40.35632780028783], [115.91217409965509, 40.352780099821814], [115.91378140039137, 40.346444400288874], [115.91829830022641, 40.34017150041444], [115.91538860040362, 40.33776359981033], [115.91685730032418, 40.33161659962644], [115.92106940013275, 40.32840559993855], [115.91671870040773, 40.323208499672546], [115.92023810010835, 40.31828569982525], [115.92267669996977, 40.319954800173946], [115.9265838999271, 40.31815889991333], [115.92977069975802, 40.31539099979483], [115.93051889972753, 40.31209470031024], [115.93772390013794, 40.309770200134665], [115.93359490038438, 40.30235269981728], [115.94005160010136, 40.29491320028404], [115.93871640004193, 40.290739999751224], [115.93993129958983, 40.28772080027477], [115.944085400321, 40.288199100208374], [115.94416369979501, 40.284282899836], [115.94906239961017, 40.27588170038024], [115.95423549966858, 40.27360929972946], [115.95561929999076, 40.26783519983468], [115.96095729973968, 40.26429720035554], [115.96742909997306, 40.26811710042392], [115.96831859962379, 40.27050919993968], [115.97101480039282, 40.2697091999197], [115.9756133002137, 40.27576809981798], [115.97275700033538, 40.280435500298154], [115.97330389965532, 40.28330999975674], [115.97588189982991, 40.28344859967319], [115.97244410011524, 40.2921027001795], [115.97725709993529, 40.29717220013697], [115.98109599998043, 40.29669149991287], [115.98436200040601, 40.29826470015581], [115.98224199976858, 40.30206649956938], [115.97496520018387, 40.30586820005743], [115.97210030008887, 40.30591189991429], [115.96912080028471, 40.30844610040725], [115.97020939994388, 40.31045599974465], [115.96745909955791, 40.31801440044427], [115.97387649980067, 40.31936870030535], [115.98264310009904, 40.32579040020687], [115.988430199694, 40.32775609966433], [115.99284210008295, 40.32421779981166], [116.00109300034171, 40.33212409964756], [116.01140669985932, 40.333259699675466], [116.02051710018407, 40.32338780020689], [116.02005870044877, 40.31871340030324], [116.02498629997785, 40.310936699968806], [116.02813769979502, 40.3100627999583], [116.03386749998515, 40.31146100022505], [116.03604480002753, 40.31521840010913], [116.04108700016502, 40.315567900038616], [116.04360810023366, 40.31395140013706], [116.04784820043415, 40.316441700224345], [116.05054119961676, 40.32011140002112], [116.04996820017232, 40.32391199973904], [116.04767630042102, 40.32378099999323], [116.04738979979948, 40.325528299991106], [116.05157259969576, 40.32797450002323], [116.05564070005835, 40.335399899985475], [116.05925049961093, 40.33500680002385], [116.06744409956559, 40.33863189974244], [116.07116849972658, 40.33832620039391], [116.07225710028501, 40.336186099908616], [116.07805630025814, 40.3337133995538], [116.08067989965775, 40.3292849003779], [116.10463049959799, 40.32941599994848], [116.10457320019304, 40.32683880017055], [116.11057360009158, 40.322208899621046], [116.11648889984292, 40.311149299700446], [116.12686100043493, 40.31059320031602], [116.13650369958611, 40.315721599572214], [116.13253319994726, 40.32319730041513], [116.13178550000089, 40.329568599611264], [116.13723289957875, 40.33509529960844], [116.13104090001764, 40.33512520026784], [116.13111930021557, 40.33957609975727], [116.13445039986607, 40.34139829979176], [116.13178550000089, 40.34366839997671], [116.13445039986607, 40.346685100237266], [116.1382517999806, 40.34701369992234], [116.14099510004394, 40.338889099552375], [116.13809510030865, 40.335274600142725], [116.14099510004394, 40.334228999768584], [116.14413030037315, 40.33461739987314], [116.1490290001883, 40.340293100446274], [116.14969519997351, 40.3430710001266], [116.13942749987928, 40.349701699773675], [116.14197479989718, 40.36042299992158], [116.15114520029078, 40.36200569970333], [116.15283040030283, 40.36463340001143], [116.1623142998651, 40.36514099985732], [116.16693860033615, 40.368694199677634], [116.17042650038275, 40.3694705996885], [116.17399279972801, 40.36636530001863], [116.18206579969694, 40.368992799777914], [116.18331989979356, 40.37165010037188], [116.2024051998402, 40.374486500052], [116.20169980040555, 40.375859799889895], [116.20467820033878, 40.38036780003398], [116.207656600272, 40.380755899765006], [116.21992300044622, 40.38015880028843], [116.22548790004657, 40.373501299945076], [116.23022990018978, 40.37609870029485], [116.23497179960896, 40.37603899970014], [116.23724480010753, 40.37827810025419], [116.24049749955998, 40.376785300301435], [116.24163399980932, 40.372486100253354], [116.24386779975919, 40.37272499975899], [116.24686359977534, 40.379767800243826], [116.24978869958886, 40.381553799868016], [116.25204560042414, 40.382005300004664], [116.25503850012672, 40.37911339956378], [116.26479279974797, 40.38139319983634], [116.27687490005667, 40.37373019988888], [116.28345259995763, 40.378396100299824], [116.28372149994732, 40.3901012003102]]]}}, {"type": "Feature", "properties": {"shapeName": "Mentougou District", "shapeISO": "", "shapeID": "62558664B30901166514475", "shapeGroup": "CHN", "shapeType": "ADM3"}, "geometry": {"type": "Polygon", "coordinates": [[[115.84722799957262, 40.148045800073646], [115.84123309992765, 40.14560710038745], [115.82809670010272, 40.14891419983053], [115.82955190029998, 40.14410389977519], [115.81582560007143, 40.15155970041991], [115.80099799995776, 40.15143939990844], [115.78054610002255, 40.16943899971011], [115.78093939963367, 40.177492999702224], [115.77653439974279, 40.17562979957563], [115.77236539994328, 40.17653139960447], [115.76678039959586, 40.175329300107194], [115.76221810018524, 40.164269499637726], [115.75616120037921, 40.161564400077054], [115.75065489970393, 40.163187500103106], [115.74782310005605, 40.16198520005702], [115.7433395003178, 40.152005399929294], [115.74412610043919, 40.149299800345545], [115.74798050029995, 40.14713530035385], [115.74821639966717, 40.144128800204044], [115.73927280019961, 40.1337468996997], [115.72855119967824, 40.12813220014095], [115.71808929998122, 40.127831500123705], [115.70862490041884, 40.13293840018707], [115.70361899961722, 40.13353370012021], [115.69355520011243, 40.13098139987176], [115.6971343004077, 40.12872609982969], [115.70509769999887, 40.12746999964082], [115.70586559961782, 40.125418100165234], [115.69780289958419, 40.126651100368065], [115.69123470012141, 40.12523759993536], [115.68651499956763, 40.13074089957291], [115.68053680033313, 40.129147100358466], [115.6751484997036, 40.131101700383226], [115.67141209988858, 40.129237299661725], [115.65147160033416, 40.12656090016549], [115.65155020018165, 40.12830510020029], [115.64840379969564, 40.12980870011148], [115.63794189999874, 40.125057200429524], [115.63597530031996, 40.1198242001268], [115.63786320032648, 40.11525250010283], [115.63581799990084, 40.11441030029516], [115.62913180039232, 40.11447040018885], [115.62567079996745, 40.11633530003411], [115.61898459955967, 40.11507199987295], [115.6169394000334, 40.117177400017056], [115.61064650013589, 40.11609460008577], [115.60026330011124, 40.11880159991398], [115.59294780000107, 40.11844070017821], [115.58830680001881, 40.11435009967744], [115.58822810034667, 40.10749190033101], [115.58586829998217, 40.108875599929036], [115.58531769995193, 40.09581930002071], [115.57933939999339, 40.09335219974429], [115.57281059982938, 40.09449549976756], [115.5700574000291, 40.099790600056224], [115.56109009982833, 40.09497689966423], [115.56014620018709, 40.09696260004404], [115.55810099976134, 40.096902400325575], [115.55416790022844, 40.0941344003823], [115.55070679997891, 40.09401409987089], [115.54992019985741, 40.091125599766656], [115.54740309997317, 40.09004239963707], [115.54929090015503, 40.08125580021505], [115.54638049976029, 40.08029289969761], [115.54575120005791, 40.07812610013946], [115.53804240033662, 40.07433409973896], [115.53064830037886, 40.0762602002481], [115.52270349966682, 40.075176799569704], [115.50826900041409, 40.06561549985548], [115.50337639980103, 40.06413390005952], [115.5040874002134, 40.0611801001815], [115.49908019989141, 40.05402040042122], [115.49520039957883, 40.053864900444864], [115.49461129957183, 40.05108940015572], [115.4925009000965, 40.05120180012301], [115.48201719993392, 40.04499510024374], [115.48086810018276, 40.0409925002038], [115.47736339990104, 40.03791339958377], [115.4730543001159, 40.03681369959264], [115.47164470004293, 40.03390859980209], [115.46185069984995, 40.03061099989776], [115.45420929981935, 40.030655000128206], [115.45363469958181, 40.02929119982906], [115.44852130011793, 40.0287631997619], [115.44570600033171, 40.0194359000468], [115.43599620006466, 40.00957910019537], [115.43680059956807, 40.00509029967765], [115.4399030996484, 40.004210099916236], [115.44191399993122, 40.001129400301636], [115.44398240016767, 39.991710199765976], [115.44122460033509, 39.99157810014924], [115.43938600026377, 39.99338280027604], [115.43513440043228, 39.99245849956014], [115.42255190025003, 39.98312609978973], [115.41973659956443, 39.97762299980167], [115.41720859989698, 39.96842069955568], [115.4205984000962, 39.96410530001964], [115.41729219997512, 39.95421279978092], [115.41990340042162, 39.95130119969065], [115.41966609991061, 39.94875339964972], [115.42370169967376, 39.9482528999514], [115.43212900015328, 39.95121019999078], [115.43824180001911, 39.950163800119356], [115.4406156999546, 39.94738850037902], [115.44619429982708, 39.94684250038114], [115.45800440018297, 39.93897089998711], [115.47420630018064, 39.934465899981376], [115.48055639965821, 39.925591599572726], [115.48067510027568, 39.922542199962606], [115.48696590025611, 39.9190829999805], [115.48815290013624, 39.91662509976857], [115.49242590023516, 39.916761699592826], [115.49497780028537, 39.9143035997314], [115.49758909965726, 39.91466779997904], [115.51705499998832, 39.89782349985467], [115.51082360022906, 39.89103909977467], [115.50904309995917, 39.89113020019863], [115.50281170019991, 39.88275119960821], [115.50393929985887, 39.87969989973067], [115.51070489961148, 39.878971299585885], [115.52097199985792, 39.873915800274006], [115.52322720007533, 39.8748721995924], [115.52198089979879, 39.8693154001856], [115.51521530004607, 39.866992400079255], [115.51616479976576, 39.85783600033119], [115.5102894002357, 39.846491300033506], [115.50477009986025, 39.84375729985953], [115.50856840001177, 39.83619289978253], [115.51948830014499, 39.8338686999806], [115.52471079996349, 39.82835410036148], [115.52939930033745, 39.82908330035406], [115.53942900024822, 39.824981399871774], [115.5472117997848, 39.8183221998097], [115.56155669958207, 39.814602399681064], [115.56296660002863, 39.81205959987068], [115.56880539984934, 39.810520000097995], [115.57903540036352, 39.81205170022582], [115.590305799573, 39.8197763001362], [115.59229969997125, 39.82670099985131], [115.59925080018434, 39.833022900186734], [115.59802159961714, 39.83575540029153], [115.60096930029306, 39.839616400276725], [115.60677780015544, 39.84234559986959], [115.60946539980841, 39.856322899981876], [115.6162276001237, 39.86497410017466], [115.62368339986904, 39.87016429994253], [115.63469360002966, 39.870696599668406], [115.6376412998062, 39.87488839997974], [115.6427563000633, 39.87442259972323], [115.64847809988441, 39.881009200214464], [115.67387980001286, 39.88586560041716], [115.67535359998874, 39.891386800160774], [115.68497680003941, 39.89843729974166], [115.69884799993531, 39.902560899965636], [115.7135861004183, 39.903225900055304], [115.71505990039418, 39.90522109997386], [115.72485649962778, 39.90568659985678], [115.74306250013433, 39.914065600447145], [115.74375599973962, 39.917456799991385], [115.75459289964272, 39.91991699976978], [115.7562400997009, 39.922377099723406], [115.76378260038678, 39.92390629973602], [115.76759719985091, 39.91911909966677], [115.79325890027803, 39.92131319994428], [115.80140819962878, 39.91805519988759], [115.80461589970412, 39.912203699840916], [115.81319879998466, 39.91246970041641], [115.82082789998765, 39.908413200408916], [115.82889060002128, 39.89803820040265], [115.83400560027826, 39.89970100010112], [115.83894719955367, 39.89584329972854], [115.85385870011896, 39.899102399656044], [115.86348190016963, 39.905420600180605], [115.86686300032727, 39.912802199561895], [115.87440550011377, 39.914930000019524], [115.88420200042208, 39.91592740032934], [115.88662949995148, 39.91433160012332], [115.89408519987217, 39.913999100078456], [115.89694619960744, 39.912137200371546], [115.90622249966873, 39.91333409998879], [115.91688600038867, 39.91266919972384], [115.92780960033281, 39.914531100330066], [115.9298902996976, 39.91625990037414], [115.93526540007826, 39.9163929002122], [115.93967630042096, 39.91015919998716], [115.9375956001569, 39.9035088996161], [115.93915610017393, 39.9000505000306], [115.9304865996769, 39.896724999559126], [115.91592180035082, 39.882622899627165], [115.92008319997979, 39.874106999738274], [115.94297069963818, 39.871445500209745], [115.94730540042394, 39.865456900315735], [115.95614830010402, 39.86598929986633], [115.96081750012763, 39.8704187999877], [115.96412790008253, 39.87060700021294], [115.96221699991463, 39.86638849992937], [115.9710598995947, 39.86732010044233], [115.97013549995347, 39.86919549987249], [115.97982139983776, 39.87342990016981], [115.98962979997532, 39.87465309956093], [115.98754549972512, 39.86627829970382], [115.97933089970127, 39.865762099641245], [115.98300909989007, 39.8596450001167], [115.98031180014948, 39.85945670006669], [115.97933089970127, 39.84722080039967], [115.9847255999066, 39.8398782001189], [116.00139990028526, 39.848726900426186], [116.0107179001111, 39.84778559982561], [116.01267960028338, 39.83921920030588], [116.02455999974427, 39.84185039987608], [116.02638059988487, 39.84484579969393], [116.02707410038943, 39.84318169957584], [116.03522349956495, 39.843381400331396], [116.03964490039186, 39.84557799982491], [116.04846739985067, 39.84437490028148], [116.05023109988542, 39.849791200403615], [116.05350030009879, 39.85177260022539], [116.05750090004653, 39.84926280013815], [116.06025390019738, 39.853291699952024], [116.06287789979535, 39.85170659987972], [116.06472770002335, 39.852400100384386], [116.06107130030034, 39.86448569995514], [116.06391029992051, 39.866895999950486], [116.07212649983819, 39.86907499971153], [116.08064379997143, 39.864683799917486], [116.08997829965881, 39.86762229962949], [116.09475319970045, 39.86574039989961], [116.09772129969826, 39.866962000296155], [116.0957855998256, 39.87102289978702], [116.09720509963574, 39.87217840001318], [116.10236710026152, 39.870923899718264], [116.10610950035323, 39.87161719967406], [116.11522900001842, 39.87746049970235], [116.11971120041164, 39.876509099715236], [116.12554140001566, 39.87973689963826], [116.1412830000105, 39.884290699556175], [116.14490609963684, 39.882852699792295], [116.14798780019692, 39.88508959970534], [116.1473007001672, 39.88756599987107], [116.16117719976796, 39.885505799653004], [116.15772819989661, 39.89347790018502], [116.14827730005743, 39.898804699777145], [116.1469764999656, 39.906018800427375], [116.1366948999497, 39.91157309971885], [116.13754129959136, 39.91734330015322], [116.13531569965983, 39.920156099824226], [116.12289559995202, 39.92329509978907], [116.12103380006988, 39.92494399956598], [116.1216543997308, 39.929176299946334], [116.11841829996467, 39.933340500064105], [116.11375749960894, 39.93118389971727], [116.10579560008694, 39.9412904997568], [116.1095728003445, 39.94227590041254], [116.10717480037681, 39.94685400001214], [116.11377329979803, 39.94875100025848], [116.11088069968457, 39.952166299834914], [116.11372900009337, 39.951554699689666], [116.11161949994005, 39.955119999888154], [116.10881409989088, 39.95664569973928], [116.11239959976183, 39.961398999864], [116.11471620029249, 39.96014179980426], [116.11673619991575, 39.96609200044554], [116.11400910023985, 39.969359199667394], [116.11032589982051, 39.970512299603], [116.10926019959857, 39.97766580033647], [116.10715380030774, 39.979978299958645], [116.11260639976558, 39.98469970023103], [116.13796320034146, 39.98782459972557], [116.14053430001798, 39.9907114999358], [116.1448150001122, 39.99230170006348], [116.14896609980576, 39.99677259957588], [116.16686180003205, 39.999718599633695], [116.16970410016415, 40.0050039998348], [116.16698480030834, 40.007849999777704], [116.16017310040831, 40.011582500132306], [116.15780379960574, 40.0156036001261], [116.15131520003649, 40.019789300336015], [116.142888000281, 40.020944000165514], [116.13429940009735, 40.027335400108655], [116.1285108004331, 40.02912899990349], [116.12382599987006, 40.02987119959624], [116.11542579956108, 40.0285930003667], [116.10880260025988, 40.03172650007798], [116.0988678004087, 40.0310461998223], [116.09439840006621, 40.03257179984871], [116.08874440013403, 40.030468999644654], [116.0782206999254, 40.02972749962447], [116.07460349985172, 40.0317973999301], [116.07212859975516, 40.031418400438895], [116.0621146002087, 40.05068679975608], [116.06568720020414, 40.06035049987571], [116.05898580035444, 40.066062099586304], [116.05806409957859, 40.071671299790694], [116.05353310017244, 40.07417699986871], [116.05181970011915, 40.07357969984332], [116.04520400026445, 40.083067800138906], [116.04254819973971, 40.08390680015873], [116.03750379986059, 40.08211010040088], [116.03206520014896, 40.08322249971866], [116.0277573998842, 40.07811359956304], [116.02468810007576, 40.080750499935675], [116.01413400008414, 40.07312800005718], [116.00191069991888, 40.07906129973924], [115.99846439981229, 40.07819599994548], [115.99097959962887, 40.081368499656605], [115.98177170020381, 40.0822749002665], [115.97439460013072, 40.08083290031817], [115.96244050032885, 40.07419930035746], [115.96017889963662, 40.08252209961523], [115.95393259990965, 40.09043200033659], [115.95603259962479, 40.09372750032395], [115.95667880028645, 40.10085349978925], [115.95086330010133, 40.099205900432025], [115.95032480044927, 40.094386599961695], [115.94617860026221, 40.09924710017361], [115.9363245001756, 40.102047900190485], [115.9416014998094, 40.10579590036059], [115.92743679986847, 40.12376789996864], [115.91532400030246, 40.13272600010487], [115.90988539969146, 40.13387869984217], [115.90735449971044, 40.13704859961325], [115.90670839977292, 40.135813600217546], [115.90046210004596, 40.137295600211814], [115.89836199960666, 40.13457859992252], [115.89421580031899, 40.137377899870216], [115.87596149992339, 40.137501400169526], [115.86804590019824, 40.1425234995599], [115.86433039972826, 40.14277050015852], [115.85904980010821, 40.147080299616164], [115.85017699976879, 40.14626450030647], [115.84722799957262, 40.148045800073646]]]}}, {"type": "Feature", "properties": {"shapeName": "Tongzhou District", "shapeISO": "", "shapeID": "62558664B64941001830154", "shapeGroup": "CHN", "shapeType": "ADM3"}, "geometry": {"type": "Polygon", "coordinates": [[[116.52894510023623, 39.82363129984469], [116.53396309961738, 39.822604499797876], [116.53373040003794, 39.820513999621426], [116.52974370001186, 39.82047520017039], [116.52871170008495, 39.81692300039623], [116.53044319989385, 39.8143949998294], [116.53233140027396, 39.81428300006047], [116.54927780043022, 39.7924769000889], [116.55663539960403, 39.79595529969737], [116.55918249997251, 39.79307470013737], [116.56129400021803, 39.79398219971881], [116.56844769970166, 39.791478800106574], [116.57997259985564, 39.79098119982257], [116.58102490017905, 39.78729579966148], [116.5858513997224, 39.78730360038088], [116.58625610003901, 39.77483879987079], [116.57105830030036, 39.77094249969667], [116.55421109986241, 39.76972929986732], [116.54225109960862, 39.76458060021457], [116.5347837004075, 39.759493700174176], [116.521528599965, 39.74230130036477], [116.52667080021729, 39.74201429972021], [116.52652770009331, 39.74082589959562], [116.53089789981823, 39.73961910024133], [116.53178509990255, 39.74161070017374], [116.53386000043872, 39.74054890031158], [116.53212270000267, 39.7371067002141], [116.5264847997338, 39.73850419990896], [116.52604120014132, 39.72897439984871], [116.5316648002904, 39.72743360038038], [116.53127020025954, 39.72128550032562], [116.52847750043634, 39.71718390021687], [116.52318559993557, 39.71871720023864], [116.5210203004466, 39.71592310017098], [116.52638419977109, 39.71427189992829], [116.52442380001844, 39.71243370005527], [116.5300618001121, 39.71099160028217], [116.5399211000788, 39.71418390036678], [116.56723370037503, 39.71393870021092], [116.5676916000873, 39.70839069977103], [116.57417449975344, 39.70931859957375], [116.57424529978084, 39.71216749983029], [116.58455600005937, 39.712331000175595], [116.58447499992133, 39.710564100353], [116.59479579958656, 39.7113501995521], [116.59461370036206, 39.714619399765525], [116.59799319972649, 39.71348300024033], [116.59880270018448, 39.71751480036778], [116.60359879994473, 39.71823859993151], [116.60306250003441, 39.72033220007103], [116.60619930025757, 39.72066689985758], [116.6070795998437, 39.72293159961367], [116.60900210036675, 39.72292379979359], [116.60985200016978, 39.72097820018382], [116.61020610013145, 39.72435580018009], [116.61600399968495, 39.72478380013234], [116.61587249991601, 39.727274100219574], [116.62145779973775, 39.72726630039949], [116.62558609981875, 39.72382660041734], [116.62531290017023, 39.72235569985571], [116.63137389998553, 39.723367400285326], [116.6331243997713, 39.71484509992149], [116.6366758998729, 39.71485289974157], [116.63769790023798, 39.70962999972477], [116.63916510008937, 39.70847799966003], [116.64231189987436, 39.70896060015161], [116.64240300029826, 39.707092399794476], [116.64733059982734, 39.70746599975615], [116.64728000037178, 39.70302879963947], [116.64210950025324, 39.70267850021264], [116.64281780000158, 39.699914899752855], [116.64021679966561, 39.69985689977614], [116.64154760024167, 39.693867299836086], [116.64549709981134, 39.69357000015543], [116.64498189979486, 39.687293600119574], [116.64705039985608, 39.68580140001467], [116.65194670028006, 39.68553259984964], [116.65197700023839, 39.68769730039014], [116.6565708002023, 39.6875805000401], [116.65706660004366, 39.68548589985443], [116.66058780018693, 39.68620229979638], [116.66383579978242, 39.68237889956663], [116.66029759975447, 39.678789100036965], [116.66052649969822, 39.67528680004585], [116.66245830011053, 39.67561720017369], [116.66384630026664, 39.67354660019549], [116.66939849964115, 39.67528680004585], [116.67491250031173, 39.67410240010571], [116.67941660009603, 39.675848500407994], [116.68763239981547, 39.67573670028855], [116.68773359962597, 39.67422590040502], [116.69789249973917, 39.67318230012313], [116.69905610015894, 39.666188199725696], [116.69610149988432, 39.65715249978808], [116.69691100034242, 39.64856739976574], [116.70433790037384, 39.63647489969691], [116.7043581000463, 39.63854759959207], [116.70802100006915, 39.63904629974701], [116.71803820030277, 39.63742550018674], [116.71855009980732, 39.63324880039187], [116.71604069991838, 39.63312410039697], [116.71568169955083, 39.628259799650095], [116.7192648000306, 39.625648799752355], [116.71957079975266, 39.62275030008635], [116.72423639979013, 39.62186000003902], [116.72460520006996, 39.61813180024245], [116.72683869964635, 39.61811600005342], [116.7274943998467, 39.61612719971055], [116.73165390010752, 39.61622190012065], [116.73196130007398, 39.614217299588745], [116.73819040026683, 39.61578000024684], [116.73784200020816, 39.61773720021165], [116.74124339986304, 39.617342600180905], [116.74284170018439, 39.61884210008293], [116.75667270038491, 39.612654599829966], [116.76419270003316, 39.60645070043955], [116.76450000017496, 39.6045563001332], [116.76822929984235, 39.604287900166526], [116.76894640035619, 39.59814640023626], [116.77351579991432, 39.5920990997937], [116.77908919990671, 39.592430699617125], [116.77956050041678, 39.595130700021855], [116.78480600039666, 39.59502020032204], [116.78343309985769, 39.601461900246534], [116.7869779998349, 39.60109879986976], [116.78421180033433, 39.60948169992059], [116.79613720007183, 39.611233900324294], [116.7951047001219, 39.612273299872925], [116.80643680001833, 39.614912399987304], [116.81461509980704, 39.61788710010961], [116.81840710020754, 39.61570040035326], [116.81902140011755, 39.61284449977387], [116.82601210017833, 39.616010400259825], [116.8294862999528, 39.61596149962355], [116.828194000253, 39.62049790035786], [116.83251559971518, 39.62111799999576], [116.82046189999676, 39.632033599571], [116.82321580036898, 39.634480799649225], [116.82107619990677, 39.63712359957452], [116.8286389002651, 39.64081039998001], [116.82887190021813, 39.64408930028105], [116.83266379989448, 39.64247430044867], [116.83482460007531, 39.6431595002108], [116.83310869990669, 39.646487099699925], [116.83514239980195, 39.64803669993381], [116.84393369998031, 39.649993999723335], [116.8455436995821, 39.651543500132505], [116.84395489969893, 39.6665800001669], [116.85471629971755, 39.66622120034816], [116.85806340010595, 39.66933579990729], [116.86524469978315, 39.66987390026031], [116.86888840017957, 39.667264899555505], [116.87005349976926, 39.668161699902555], [116.86727839967841, 39.67036309997712], [116.87753140035386, 39.67430899956071], [116.8829756999686, 39.674586200292936], [116.88524229999223, 39.67305350011901], [116.88943680006832, 39.67383610005601], [116.89000869964184, 39.672482800241085], [116.89189410043241, 39.67300460038206], [116.89140689990859, 39.67406440015202], [116.90060069976255, 39.67655899989796], [116.89916019988334, 39.68096110037453], [116.90335460013478, 39.68192299994655], [116.89882120043808, 39.6887048000865], [116.89699939970262, 39.689552400323066], [116.88714889960215, 39.68793860018633], [116.88663340011135, 39.6888520002197], [116.8840271998954, 39.68659360021451], [116.8819247998897, 39.68991370025714], [116.8877721999271, 39.69234050011403], [116.88650200016718, 39.69404250036115], [116.88792550016171, 39.69477209965271], [116.88451999959841, 39.699768400191545], [116.88068740020344, 39.700897400095016], [116.88230800011422, 39.70168929992133], [116.8804464997063, 39.705901700103425], [116.88120389974029, 39.713292200075045], [116.88066189992685, 39.71536499979493], [116.87867969970841, 39.715067200091255], [116.87674390001109, 39.717521100118745], [116.8794384999868, 39.721952200133956], [116.88080130023991, 39.72185689987606], [116.8816065999647, 39.72444159999992], [116.89388699988524, 39.72506099996525], [116.8938406002635, 39.7265020996922], [116.89662810020673, 39.7266092997794], [116.89639579992627, 39.728312499722165], [116.90102609977475, 39.72975360034843], [116.91073609969135, 39.73027440044331], [116.91042950012138, 39.73473759996034], [116.90703490024055, 39.73463659979927], [116.90666259979923, 39.737112300292495], [116.90517339983262, 39.7368933000858], [116.90473540031849, 39.73999210035521], [116.90854610032238, 39.74058149983642], [116.90598369978795, 39.7438316002482], [116.90736340010085, 39.744959899579726], [116.90173500027015, 39.750600799986955], [116.90138460011929, 39.75482700026589], [116.89566850020117, 39.75415349978425], [116.89371929970594, 39.757638700066025], [116.89654450012858, 39.75816069985649], [116.8959313000895, 39.76258840043437], [116.90239199999087, 39.76560180018299], [116.90475729970967, 39.76109010022799], [116.9076482001044, 39.76036619994022], [116.90966299984768, 39.7618645001466], [116.90817379988107, 39.764524399781294], [116.9149848999333, 39.768042800335024], [116.91061160024526, 39.774736199815834], [116.91544319984382, 39.77940170002847], [116.93371679969061, 39.7802586001543], [116.93669009956852, 39.77735460023467], [116.93992389976825, 39.778142800250066], [116.93983630040498, 39.776274500068155], [116.94393169968828, 39.77746960014201], [116.94215780044215, 39.78426909983915], [116.94800530030443, 39.78507689967921], [116.94485160002137, 39.790546300271615], [116.93252149996727, 39.792077700025914], [116.93013429995801, 39.79396240024465], [116.92888599958928, 39.80010409982441], [116.93690160032861, 39.80057519978567], [116.93648550020578, 39.80239239958962], [116.92330129961533, 39.810821299963095], [116.92082660006758, 39.83193130038927], [116.91165020029655, 39.84570390041472], [116.90447869963236, 39.84952889963904], [116.9029164998966, 39.84784269958095], [116.89635029962665, 39.84659109959961], [116.89693169963834, 39.84036770020924], [116.90176680029765, 39.83299139963344], [116.8989490003961, 39.82949969995127], [116.88867050034332, 39.83321270030592], [116.87771949985506, 39.84457179964886], [116.87240410006928, 39.844055499761566], [116.87272430008647, 39.84125280037648], [116.86766510006441, 39.8426296003758], [116.86606400015353, 39.84068730037865], [116.86001220040282, 39.84280170003848], [116.8596599998092, 39.84585020032654], [116.85133459971212, 39.84764480016747], [116.84653160035316, 39.85799379987401], [116.84137629967654, 39.85745299975616], [116.83362740008454, 39.86463009959948], [116.83093759979045, 39.86362240025363], [116.82110740008648, 39.87650000037479], [116.81787330041254, 39.87802360030895], [116.81114900022624, 39.877654999678555], [116.80990019983437, 39.88021049971485], [116.80730660001961, 39.880186000383674], [116.80640550001385, 39.88861460038356], [116.80256540027301, 39.88863999993612], [116.80249920027791, 39.883966100055545], [116.79826189966695, 39.88383909959481], [116.79832809966217, 39.87687859966769], [116.78988659978677, 39.87964759965706], [116.78094849967363, 39.885922100324706], [116.77882980035508, 39.890138599616705], [116.77647939970461, 39.90943979990692], [116.7768767003995, 39.94650319966297], [116.76817029981953, 39.95152810044152], [116.75701429977016, 39.95485240031809], [116.75165139959245, 39.95980049989322], [116.7519691003937, 39.966495599992015], [116.75754389973122, 39.97124330003834], [116.76039089972028, 39.97542919989769], [116.76075500014315, 39.98106069969157], [116.76944539998533, 39.991670699743054], [116.76997499994638, 40.00178949998548], [116.76447979960312, 40.01074049997413], [116.76673680026317, 40.014580599714975], [116.74928230023806, 40.01417369965657], [116.7437271996506, 40.020934499727446], [116.7411442999695, 40.02096159989799], [116.74117969998326, 40.0242794003741], [116.7363667001631, 40.02639749984479], [116.73134240013167, 40.02653299979818], [116.73127169992904, 40.02447379962621], [116.72776880009008, 40.02479899987401], [116.72612360012408, 40.0211816999755], [116.71911790027093, 40.02315970035994], [116.71832179971136, 40.020192700233], [116.71384589996842, 40.02138499981794], [116.7143599002892, 40.0190228000622], [116.71143989963173, 40.018593999713346], [116.7105200001979, 40.022685600260274], [116.70275349997405, 40.025544099880335], [116.70179819962732, 40.02374230006717], [116.70009990009032, 40.02429769977908], [116.69794160002493, 40.019081800085075], [116.69143119998989, 40.01505779977771], [116.6797197004039, 40.01549129998358], [116.68251490034243, 40.008133799735106], [116.68042729958029, 40.00721230040739], [116.67787979991294, 40.013431800337344], [116.67308549969607, 40.01272730022475], [116.6725547998642, 40.0139061000865], [116.6677428000902, 40.01389249963921], [116.6618162003574, 40.01204979955867], [116.65886179973234, 40.01801140000617], [116.65068850017417, 40.01653459989194], [116.6556420001782, 40.017469500017455], [116.65504050031893, 40.019921800150996], [116.64900780036976, 40.018052099724684], [116.64546960034181, 40.02069400032792], [116.64504499982695, 40.02454160041458], [116.63037909961577, 40.018593999713346], [116.62767230033649, 40.022550100306944], [116.6210026996149, 40.02032820018633], [116.61834909973118, 40.02260429974871], [116.61417399983031, 40.02137140026997], [116.61353709995728, 40.02567950000895], [116.60860130040976, 40.027237400085994], [116.60831820012493, 40.030623999597935], [116.60168400031637, 40.029879000315645], [116.6019494001448, 40.0284972999105], [116.59699590014077, 40.027400000209866], [116.58916670008318, 40.01649020036251], [116.59712649968822, 40.012109900351675], [116.61265940031114, 40.01063620020051], [116.62218239969809, 40.006618800017634], [116.61952960021097, 40.0029651998841], [116.62518360014315, 40.000276299811446], [116.63006050039189, 40.00271889985737], [116.63697390012544, 39.99578070041906], [116.63783140009912, 39.99249610021491], [116.63807260007047, 39.98849279960308], [116.6346159002037, 39.989026499573356], [116.63359759964953, 39.985803199857855], [116.62734300007946, 39.98477310019848], [116.62717429985412, 39.98258259990712], [116.62840689985865, 39.980534500067165], [116.63410780033473, 39.98149440044625], [116.6335517998757, 39.97955919969735], [116.63496530030841, 39.9793845999194], [116.63695049976582, 39.951841300135925], [116.63927270037493, 39.9453413996859], [116.62628990025871, 39.949429400246686], [116.62429359957002, 39.94560840030749], [116.62837330028765, 39.937339199744315], [116.62413279988891, 39.93807370034108], [116.6236796000336, 39.930169899721136], [116.61990680015879, 39.93132899993344], [116.61875609961442, 39.93048699977527], [116.62061390021142, 39.929418499963845], [116.61805940022123, 39.929181099628124], [116.62466509961473, 39.92066779967928], [116.6151647001908, 39.921932699734384], [116.6161202001872, 39.91833620025551], [116.61429170040174, 39.91699919975332], [116.61668859959923, 39.91715180031537], [116.61728219981376, 39.91272640020327], [116.61525729978462, 39.91205019995681], [116.61634679966517, 39.908747400172444], [116.61437619980188, 39.907214000325894], [116.61703370004523, 39.906621699631785], [116.61502520005297, 39.903703799790605], [116.61806629981993, 39.90318049958046], [116.6120220004151, 39.89856540007321], [116.61417730034225, 39.89681740040277], [116.60916240002484, 39.894354599785004], [116.60993510022479, 39.888499700301], [116.62226799986831, 39.88928309973534], [116.62347330005286, 39.880493500174964], [116.61897190003322, 39.880105500268655], [116.61866469971619, 39.87452180034086], [116.61400450010763, 39.867733200426926], [116.61466879962552, 39.86638620036291], [116.61725659971239, 39.8665346001917], [116.6180213004427, 39.8624762997415], [116.62149879982985, 39.85982849958566], [116.60748620042784, 39.8492758996631], [116.59829949982213, 39.84866679963312], [116.59892339999499, 39.84503879960096], [116.60261819987011, 39.84542640020828], [116.59604049996915, 39.84014350012251], [116.59652640007334, 39.830535100214775], [116.59327490031649, 39.83053679993344], [116.59241729961877, 39.823572399646594], [116.5920702998045, 39.82500780036975], [116.588114299935, 39.825186799631126], [116.58543230036048, 39.82515250038762], [116.58583770034966, 39.822750799709695], [116.57783489966096, 39.8237272997751], [116.58110180030792, 39.827070099605464], [116.5716880002011, 39.826431599838486], [116.57144010028048, 39.829523100310894], [116.566879200215, 39.83100780006998], [116.5666412998562, 39.83390870002654], [116.5636865997568, 39.83382500012368], [116.56372630032854, 39.83236309997716], [116.55685520020734, 39.83243160043804], [116.5567957001615, 39.83104589984845], [116.55523909960482, 39.83334529994568], [116.54244680017973, 39.83314059985884], [116.53949520004346, 39.83492799972748], [116.53959799974791, 39.8326868999805], [116.53782659971785, 39.833765099879486], [116.53698179997014, 39.82893849961209], [116.53518520003706, 39.82840329957264], [116.52733480026086, 39.831938199987974], [116.52632850026009, 39.83009530025794], [116.53236649991413, 39.82712289970209], [116.53192810020175, 39.82550610032632], [116.52941889996237, 39.82578139989175], [116.52894510023623, 39.82363129984469]]]}}, {"type": "Feature", "properties": {"shapeName": "Huairou District", "shapeISO": "", "shapeID": "62558664B96311982000806", "shapeGroup": "CHN", "shapeType": "ADM3"}, "geometry": {"type": "Polygon", "coordinates": [[[116.35925769988296, 40.94192099985429], [116.35327870025185, 40.93498860014381], [116.34516770032917, 40.93537369973649], [116.33339519972878, 40.92816040038224], [116.33246820014733, 40.92378309961043], [116.32792599968525, 40.91958050023993], [116.32931649995658, 40.911524900353925], [116.32789369963461, 40.90395409980192], [116.33418610040826, 40.900634800155956], [116.33916769972961, 40.893103800000404], [116.35994599960827, 40.878832099621775], [116.36027379979612, 40.87526380018426], [116.36879479974027, 40.87025779955786], [116.37607050035342, 40.86188060030952], [116.38288740013343, 40.86128569967536], [116.38419829961185, 40.85632830021092], [116.39330929978439, 40.84884180030889], [116.39973759981046, 40.83731339999349], [116.4004790998307, 40.83198310023994], [116.40974879976739, 40.827634500431884], [116.4163303002033, 40.82188260030182], [116.43106920018352, 40.819216900039976], [116.4339428003201, 40.81318360024301], [116.43385010000213, 40.80785150004675], [116.44543719996682, 40.8004138000569], [116.4459934000754, 40.79683500013522], [116.4513697999763, 40.79760689993856], [116.45322380003836, 40.78904509955174], [116.45526310001208, 40.78729049975681], [116.45479960022146, 40.7809034003717], [116.45931030013026, 40.77336959972729], [116.458684100391, 40.77076579980189], [116.47377100023152, 40.76950270018949], [116.4795328000987, 40.76335879996867], [116.485629600126, 40.761804800251355], [116.48916110020468, 40.75784599989305], [116.49439230006465, 40.758822300308964], [116.49613600007638, 40.75261999991312], [116.49507460041252, 40.74521090016299], [116.50690150010416, 40.73963919988921], [116.50358650011697, 40.733001200445074], [116.50447549974456, 40.724645000366536], [116.50113970023699, 40.71820960019295], [116.49772809957221, 40.71792230007412], [116.49712160038166, 40.71516410004324], [116.49992670005724, 40.70872790037237], [116.49818290022074, 40.705452000209675], [116.49606019981843, 40.705107200137206], [116.49461969993922, 40.70073910032926], [116.4967425001663, 40.69838259957737], [116.49613600007638, 40.69527870015196], [116.48969180003655, 40.69516370024462], [116.48696249971965, 40.69182970028049], [116.48218630015765, 40.69022019980241], [116.47756170021239, 40.67814719973353], [116.47924030009983, 40.675338900270106], [116.48332350007956, 40.67182230015908], [116.48718149992635, 40.672414199755565], [116.49560570044275, 40.67022830039582], [116.49947179958394, 40.67279980027064], [116.50970659977986, 40.66929219967534], [116.50970659977986, 40.66503680020821], [116.51395220023392, 40.66198889976795], [116.51205679988152, 40.65905579958553], [116.52021330010382, 40.65736389962433], [116.52100279963952, 40.65376449983188], [116.52741819979019, 40.65349569966685], [116.52964560016437, 40.65123369967557], [116.52930259963534, 40.65551389974672], [116.5338472003881, 40.655429900369654], [116.53722690030122, 40.65284420019975], [116.53850270013959, 40.64929089965534], [116.54382329980547, 40.64676790021849], [116.54482089976477, 40.641469199943685], [116.54803539961404, 40.641216899640256], [116.55776979993641, 40.635879399914415], [116.56831999956842, 40.63499250020379], [116.56765489965392, 40.62859919999312], [116.56406489957556, 40.62292839982587], [116.55618030038067, 40.62695629959359], [116.5526929003571, 40.62476980038605], [116.53358789976187, 40.624884900118104], [116.53328459980446, 40.61867010004511], [116.52657059955357, 40.60717869963736], [116.52939720022073, 40.60286570039182], [116.52798390033684, 40.60149820028175], [116.52975740028387, 40.59808959975527], [116.52496340044058, 40.59480710036746], [116.5254622004203, 40.589925199888114], [116.51678859991398, 40.58009719992589], [116.51343550014826, 40.58378019979642], [116.51554159996488, 40.57982360007912], [116.51130170031331, 40.57824510013131], [116.5070341995687, 40.57150959978827], [116.50318229982338, 40.571214900047664], [116.49885939994147, 40.56113149981894], [116.49229180032637, 40.558289300410934], [116.49021350035287, 40.553889000377126], [116.4784916001073, 40.55119390037828], [116.47336500039455, 40.54013879976583], [116.46654809971506, 40.53571620014259], [116.45493710026699, 40.522973299578155], [116.4574311001652, 40.51880240041049], [116.4596757000736, 40.517369900000915], [116.4644142998801, 40.51766490011511], [116.47028909956236, 40.512692999981994], [116.48192779992803, 40.51425199992991], [116.48566879977534, 40.51669579967148], [116.49193160026323, 40.51669579967148], [116.49376050024694, 40.5103545000602], [116.50005099985378, 40.50704660022046], [116.50570409956458, 40.49975620018853], [116.51268730017887, 40.49577350034684], [116.51265960016053, 40.489830600401945], [116.50224019972552, 40.48203239997531], [116.48810739963687, 40.48009319994128], [116.48129049985675, 40.48024080027278], [116.48084709991383, 40.48222210026978], [116.47768800010124, 40.48357099970195], [116.46724089964789, 40.48298089964885], [116.45155629958367, 40.486964300062425], [116.44964419972007, 40.479481999994334], [116.44554299980962, 40.47891290001036], [116.44440679993397, 40.48040939977403], [116.43695250025769, 40.48047259963084], [116.42827889975149, 40.47707899979605], [116.42281970016904, 40.47678389985714], [116.41040509981553, 40.4816530002858], [116.40683039990313, 40.48003000008447], [116.40059530033295, 40.480725599606785], [116.39707599955784, 40.478491299633845], [116.3967435004123, 40.47650989981207], [116.3916445998185, 40.47554020041997], [116.39242049980624, 40.47435979976501], [116.38782040009141, 40.47130310035783], [116.38479990019528, 40.47339010037291], [116.38288780033179, 40.4726944001265], [116.38360830028284, 40.474191100438986], [116.38039380043358, 40.47408569989517], [116.3790083003928, 40.47752170006646], [116.38216730038062, 40.47716330044602], [116.37972880034397, 40.48112600026474], [116.38272160022177, 40.48272789967291], [116.37767809966465, 40.481231399909234], [116.37670819972368, 40.483001899717976], [116.37424189984381, 40.48239069977103], [116.3706557003004, 40.48435089987419], [116.36987980031256, 40.486121299858155], [116.3726509002189, 40.48717510025074], [116.37021230035748, 40.48898760019762], [116.3726509002189, 40.48894540040993], [116.37021230035748, 40.49278099994325], [116.37120990031667, 40.49556270015853], [116.36649899962924, 40.49821789993621], [116.34870839957307, 40.50045150023658], [116.34039500002928, 40.49779650010845], [116.3363492001555, 40.49906080031576], [116.33080689961878, 40.497417100418886], [116.32454419985504, 40.49927149977992], [116.31689590022563, 40.49885009995222], [116.3081945997011, 40.49379259964883], [116.30708609984367, 40.49054710016861], [116.30370530005962, 40.490041299866164], [116.29816310024694, 40.484730199738976], [116.29101359969798, 40.485531099980335], [116.28536049998718, 40.48443519962484], [116.28563759999531, 40.48127359969692], [116.2877990998486, 40.479840299790055], [116.28659829987168, 40.4779394000833], [116.28785449988527, 40.47469699966683], [116.29524709977386, 40.4669866000516], [116.3008788001166, 40.46516830037683], [116.29711010025096, 40.46124680029965], [116.29505939957164, 40.45534300017937], [116.29367390043024, 40.454162200225426], [116.29162319975092, 40.45563819994305], [116.28790989992206, 40.45158970030445], [116.28890749988125, 40.449016999834726], [116.28353160000336, 40.43961120009686], [116.28585929996677, 40.436924200291685], [116.28444850019821, 40.43441860003844], [116.28566339974611, 40.43063019962409], [116.29075799978193, 40.422485899604624], [116.28796129977422, 40.41590919974982], [116.28228050004509, 40.41232240035856], [116.28533930026856, 40.40681289989544], [116.28194790017551, 40.40386110010974], [116.28349979997586, 40.401181099728035], [116.28192020015717, 40.39786780035877], [116.27756960025692, 40.39406900018429], [116.28100580007765, 40.39345699984074], [116.28372149994732, 40.3901012003102], [116.28432969975586, 40.39156149966351], [116.28919160021223, 40.38964820010443], [116.28951619971292, 40.38318440023994], [116.30670140044936, 40.388169700271476], [116.31781719990397, 40.386118499569136], [116.33194730022774, 40.37810890000577], [116.33930390025489, 40.371801899638], [116.34887270031493, 40.370361299934075], [116.35391489955305, 40.36573390039922], [116.35129759990434, 40.36444219964784], [116.35137860004238, 40.362806000096896], [116.34550380036012, 40.3639482002493], [116.34680099956654, 40.36341250018677], [116.34319129983862, 40.35852250041313], [116.3430193998255, 40.355291499802945], [116.34920759975103, 40.35546620030493], [116.35436439959744, 40.358304199879], [116.35516650043371, 40.35620839999774], [116.35797410022462, 40.357692999932055], [116.36387580042788, 40.35520419991394], [116.36101090033287, 40.348960000104], [116.3587189996822, 40.34799930022757], [116.3639330998327, 40.341448699597834], [116.35894819999953, 40.329874500407925], [116.36255799955211, 40.331927499754386], [116.37017860006245, 40.332495300218], [116.36851700005957, 40.334853899987536], [116.36960559971874, 40.33664460036806], [116.37877330034758, 40.338085899744556], [116.38037769987102, 40.33629520026335], [116.38249769960919, 40.33734339967822], [116.38702419970707, 40.33642620000916], [116.3904621001459, 40.333543600356904], [116.40249469997048, 40.3341113999212], [116.40289580030105, 40.33205850039951], [116.41114669966055, 40.32873879965592], [116.41916839960197, 40.3297871996196], [116.42025709998529, 40.32843310030739], [116.42747660016505, 40.3276467996601], [116.4323469002893, 40.33197109978647], [116.43475339974964, 40.33026770019427], [116.43395129981275, 40.32725369969853], [116.43790479956692, 40.321618500093734], [116.44299950032678, 40.31983170007294], [116.44988009998667, 40.313143000449145], [116.44586929992829, 40.31074000025086], [116.44222970044041, 40.30469340038019], [116.4377325002547, 40.30123270032891], [116.44255379991796, 40.29897700008854], [116.4429590002577, 40.2942491004157], [116.44502529967792, 40.29208580011965], [116.44332359980433, 40.28448309971532], [116.44932000041774, 40.28364859990302], [116.45150780004496, 40.28596659977882], [116.45531630030712, 40.285719400430025], [116.46617449975338, 40.27907410028956], [116.47314330042309, 40.278764999705004], [116.47804570004905, 40.27493209993651], [116.47832930035702, 40.266369000029385], [116.48234030006483, 40.26327739973226], [116.49985099962396, 40.26011350023788], [116.50325290020123, 40.25979449991627], [116.50316799970346, 40.25679669980792], [116.50586459977148, 40.25626199979149], [116.50686259992915, 40.2577203997767], [116.50826399998368, 40.25537069969806], [116.5098566004018, 40.25569480007499], [116.50817670009474, 40.2580401995956], [116.51102949981168, 40.258452699732345], [116.51175009958752, 40.25606930025805], [116.51376209974114, 40.25634430034921], [116.5129813002469, 40.25872769982357], [116.5146629002727, 40.25891099964298], [116.51499330040053, 40.25622979956563], [116.51796610025542, 40.25620680030363], [116.51919730001543, 40.264364799695784], [116.51892699978123, 40.259758900253075], [116.52971730041315, 40.26036900032915], [116.5340490001613, 40.26589420025721], [116.53080020016921, 40.275971299835646], [116.53473839975743, 40.27369799986286], [116.54542870027433, 40.27449990015032], [116.54590919994973, 40.27278159969114], [116.56020290044353, 40.276607699685655], [116.55939220028984, 40.27216300012242], [116.56434689998946, 40.271888000031254], [116.56434689998946, 40.26764930007516], [116.57659869967028, 40.267053500119005], [116.57894100012709, 40.26508290025572], [116.58227419969467, 40.26815329993491], [116.5847365002893, 40.2629748003468], [116.58963119991995, 40.263226900101415], [116.5900817000105, 40.26556409960358], [116.59341489957797, 40.26425799980689], [116.59485629967855, 40.25763550017825], [116.59872999988966, 40.254839700391926], [116.59776910036373, 40.250072699995144], [116.60059179977179, 40.24952259998804], [116.60755849962516, 40.25078320038443], [116.61599660006311, 40.249362199605855], [116.6178284003604, 40.25153949964823], [116.61761820001993, 40.25935419993641], [116.62935950044061, 40.26013340043613], [116.631131199945, 40.2572000997049], [116.63524510008142, 40.25830010006962], [116.6370769003787, 40.256008399967754], [116.64257219964736, 40.257016799885434], [116.64251209975362, 40.258941699799664], [116.65113040004803, 40.25969799996278], [116.65104029967017, 40.261118700367774], [116.65647549994446, 40.26011040027481], [116.66116000013392, 40.261439500232825], [116.66320199987251, 40.25220410043892], [116.66581449983937, 40.250141400105576], [116.6672259003551, 40.245649200150524], [116.66467339955784, 40.24390719985746], [116.66569439987677, 40.24017089986717], [116.66257139975039, 40.23641159971561], [116.6642830002603, 40.23680130023985], [116.66431130012643, 40.23374250001643], [116.66819709981633, 40.2342773996823], [116.66823950015282, 40.2372761998368], [116.6704477998262, 40.23719519969876], [116.67184919988074, 40.23307790012507], [116.67800700002306, 40.233029200037606], [116.68439830014154, 40.23957790039981], [116.691065700222, 40.24181459976404], [116.68898480030839, 40.244148600377684], [116.69076839964202, 40.24709830024642], [116.6984958000412, 40.25013439978278], [116.6986159000038, 40.25579509966417], [116.70477189970347, 40.25517640027073], [116.73293089964136, 40.282843400002946], [116.74843200023668, 40.3023921998402], [116.75080359970639, 40.30135409981193], [116.75682539987235, 40.30909180014652], [116.76693049984272, 40.31376229969044], [116.76754910031082, 40.31242570028587], [116.76804409975546, 40.31415539965201], [116.76214600043761, 40.31450140031944], [116.75907319956855, 40.32302369978396], [116.76204290035957, 40.32368409984139], [116.7567765001354, 40.32304390035574], [116.75683490031042, 40.325378599742635], [116.75353919977431, 40.325645399815414], [116.75248929974146, 40.33256000014393], [116.74734420007485, 40.33296540013316], [116.74872999958984, 40.33314419974505], [116.74774929969044, 40.33450940028865], [116.7454348998009, 40.33454559979964], [116.73871099981284, 40.332408000328996], [116.73886179993224, 40.338130999845816], [116.7252928001227, 40.33378059959506], [116.72514209982808, 40.33780269963495], [116.71817699986866, 40.33784869995759], [116.71831359969292, 40.34298020007623], [116.72122450011068, 40.34553150027858], [116.72258289998092, 40.35458990000393], [116.71904129961638, 40.354663799994455], [116.72039970038588, 40.3600982996968], [116.71166719968153, 40.360431000290475], [116.71335010012706, 40.36787779962083], [116.7077926999732, 40.367694800174945], [116.70018510006241, 40.37274890014169], [116.70050809966915, 40.37595469994949], [116.70980470012682, 40.38311499955762], [116.70606549982301, 40.384029600185954], [116.70668300042018, 40.3856758001981], [116.70531079955379, 40.38591099989276], [116.70757490036146, 40.39484680043955], [116.70369839966145, 40.39482070031511], [116.70393859958676, 40.390849299555555], [116.70164020043501, 40.39082320033049], [116.70201750020749, 40.392573799940976], [116.70006209978612, 40.39283499993536], [116.70397289972959, 40.39552609974976], [116.70678589994941, 40.39636209963123], [116.70747199993286, 40.39918370006774], [116.70308099978843, 40.401900599632995], [116.70465899971316, 40.403311199752125], [116.70918720042903, 40.40015030039609], [116.71330380033021, 40.403885999639215], [116.71694010020553, 40.40472189969597], [116.71755759990333, 40.40817000024538], [116.7345727999948, 40.41344630020666], [116.72723159995849, 40.41689389983367], [116.7259965996634, 40.41945340005441], [116.71961589985392, 40.41694619990727], [116.71611679965065, 40.421856099879165], [116.7165970996765, 40.434703999889734], [116.71488180025494, 40.437576099957084], [116.71138270005167, 40.43841159981554], [116.70966749955551, 40.44070920036933], [116.71447020033952, 40.44013479978122], [116.71883129982473, 40.437198900009264], [116.7201580003915, 40.43850699989815], [116.71604820026425, 40.44055259962283], [116.71941009989621, 40.442484599684576], [116.71680289963422, 40.446452899581686], [116.71412709998572, 40.446922799847414], [116.71289209969075, 40.45089080027026], [116.71453879972591, 40.45235270041684], [116.71302940008684, 40.45485860014435], [116.71618539993631, 40.45344900007137], [116.7165970996765, 40.45757329996786], [116.71330380033021, 40.45929599991052], [116.71028500015268, 40.456059300296545], [116.70280649972028, 40.4573644998718], [116.69258370007776, 40.46665619992376], [116.68894740020244, 40.46629079998047], [116.6876437996217, 40.48194820004943], [116.69697470022231, 40.47860829963338], [116.68654599989804, 40.485079199645384], [116.68723209988161, 40.490714699623766], [116.69244650040571, 40.492906199961226], [116.69491640027172, 40.509809299559606], [116.70520499971099, 40.515466799653154], [116.70588420009585, 40.51989250013884], [116.71083269986923, 40.5240229001368], [116.70772769967368, 40.52748930009119], [116.70287629970153, 40.52933300021783], [116.6967634998357, 40.536559999844144], [116.69482289955727, 40.54068939979601], [116.69773379997491, 40.542385299941714], [116.69356160038762, 40.545850799674724], [116.68377880035143, 40.548509600337866], [116.67582009971784, 40.54783190002223], [116.6714290995734, 40.55148119959773], [116.67252680037166, 40.55518239994785], [116.67052920016249, 40.55315380010785], [116.6630669999422, 40.55214940037456], [116.66140399969493, 40.549363000302264], [116.65969840036098, 40.551598599795625], [116.66349340000045, 40.55363980003682], [116.66255530008709, 40.5563611998096], [116.67637109994632, 40.55542169965179], [116.67341870031282, 40.561228999818525], [116.67650619970141, 40.56258419990098], [116.68762090018447, 40.56326169966775], [116.69029669983286, 40.56472109969906], [116.6928352998093, 40.56268839984983], [116.69976480010553, 40.56289689957231], [116.70799799990778, 40.56982880015903], [116.70786080023584, 40.57879229982484], [116.70278370010772, 40.58811930006567], [116.70443030031822, 40.591141200206266], [116.7014115001407, 40.59463180001762], [116.7044988997045, 40.59718449956506], [116.70470469966222, 40.5996850995877], [116.70065679987147, 40.60020600040667], [116.69921599961879, 40.60202930031204], [116.70148010042635, 40.60656110011473], [116.69153170012794, 40.61739459968106], [116.69427610006198, 40.620206800403594], [116.69818680018079, 40.61932149968749], [116.69955900014781, 40.62234199958368], [116.69846130024882, 40.62598720004928], [116.69530519967532, 40.62765349990917], [116.6948935997599, 40.6316108001983], [116.70346980009128, 40.63759849987093], [116.70353840037694, 40.639628900153696], [116.70552810004187, 40.639628900153696], [116.70470469966222, 40.6469692997934], [116.7064886002687, 40.65165430000599], [116.70312669973748, 40.65987810009432], [116.70765500027812, 40.66513459968206], [116.70821380032669, 40.674712900180225], [116.70669440022641, 40.676374900381404], [116.70806660019355, 40.67861230031747], [116.71190870002658, 40.679392800337496], [116.7124576003381, 40.68142200002535], [116.71876969986181, 40.683607199712526], [116.71952440013104, 40.688289599985126], [116.74134230010714, 40.696144800342324], [116.74305749970392, 40.699890000023515], [116.74813459983193, 40.70155450033997], [116.75046739985066, 40.70483129982466], [116.75705389961786, 40.70519540024759], [116.76171939983055, 40.70176250003942], [116.76583589990696, 40.70223069968711], [116.76974669985043, 40.700150100147084], [116.77743100024054, 40.699525899600644], [116.77948930019113, 40.701190399917095], [116.78044980041807, 40.709720199727485], [116.78257669975494, 40.71190450009266], [116.78394889972196, 40.728648300079044], [116.77996950039221, 40.7347312001848], [116.77434349995258, 40.75089760034405], [116.77743100024054, 40.75671859988353], [116.78683050022744, 40.74757109982647], [116.79561249961728, 40.74523200005683], [116.80727620023652, 40.74892250027324], [116.82237030004933, 40.74871460039856], [116.83362230002922, 40.75999269960346], [116.82840790040439, 40.76965810034113], [116.83067210013735, 40.77142479961486], [116.83321060028902, 40.7702817001404], [116.8439136999574, 40.773658999763086], [116.8447369996129, 40.77771160031017], [116.85056889983491, 40.7790104003098], [116.85111770032165, 40.78233539985888], [116.85386210025581, 40.78176389958435], [116.8609975003344, 40.783997800258305], [116.85626349966083, 40.79199759990934], [116.85900779977021, 40.793815600109895], [116.86326160024271, 40.793400000010024], [116.86607459956315, 40.79506210003592], [116.86717269966039, 40.798236500014525], [116.87366299984762, 40.7964107998186], [116.88050790001967, 40.8000352996894], [116.87461720032354, 40.803076299631584], [116.87565070031962, 40.81144539958558], [116.87450449998278, 40.81524900034117], [116.87027249997595, 40.817384300245294], [116.8703606002615, 40.82032010019253], [116.86392429986665, 40.82058700009003], [116.8553719999179, 40.82405650000754], [116.8563418000341, 40.827125500341594], [116.85017009997023, 40.834330400027966], [116.84258760013768, 40.83553110018016], [116.84223490042041, 40.83833280041847], [116.83385889996828, 40.837599000393595], [116.83165470030428, 40.84040059990781], [116.82080999968184, 40.83966689970771], [116.8149027002994, 40.84707050010354], [116.80705569996064, 40.84707050010354], [116.80009040035179, 40.83953349967135], [116.79550559990355, 40.84160120023523], [116.79594649973126, 40.84980500030059], [116.79048000035175, 40.854006499800164], [116.79065639967314, 40.86127520009046], [116.78474910029081, 40.86394240042148], [116.78342659955797, 40.86740959987321], [116.77328720034404, 40.876210100116054], [116.76693910005952, 40.87734339967818], [116.7634122998378, 40.88180989970715], [116.7553007998921, 40.879343400177845], [116.75239129971874, 40.8807433001632], [116.75336109983493, 40.88874219959291], [116.72735150027154, 40.896806799893966], [116.72523539999372, 40.896007100247516], [116.71879909959887, 40.90360430039817], [116.70751359987275, 40.909534900315464], [116.70768990026875, 40.91259989956575], [116.71659489993476, 40.926191000214544], [116.70680820043822, 40.92865580002518], [116.70601469981864, 40.93378480002855], [116.69993110004032, 40.93271909980666], [116.69587529970534, 40.93604939995987], [116.6960516999261, 40.940112300442365], [116.68326730014587, 40.94970230022102], [116.68097490037144, 40.96215389958286], [116.67136450037151, 40.97027609966233], [116.67489129969374, 40.97992830015096], [116.67938780020688, 40.98132600039463], [116.67656650014396, 40.98498679960119], [116.6768309997509, 40.99869600012039], [116.68582409970247, 41.00747910028031], [116.68388439964542, 41.010805699723335], [116.68547149980998, 41.01266849965157], [116.6884770997384, 41.01249639998895], [116.69279550031217, 41.01979130022835], [116.68931499988742, 41.02582109986395], [116.69015290003642, 41.02951649958686], [116.68493209993653, 41.03729560021185], [116.68635009967738, 41.03977499961661], [116.68299849998084, 41.04371270008107], [116.67681080007844, 41.04069869958539], [116.67081660010604, 41.04186549979306], [116.66785169989612, 41.04507390044023], [116.65915030044607, 41.04570580008266], [116.65102910041276, 41.049886199688444], [116.65128690007043, 41.05187900021576], [116.64703289994839, 41.055475800068166], [116.64110310042781, 41.05819750021453], [116.63710699978822, 41.05844049972933], [116.63504440017903, 41.05712829983122], [116.6316927995831, 41.059558400200046], [116.62498950036525, 41.05936390022384], [116.6186729995593, 41.05358020006622], [116.60997169993402, 41.051830399953076], [116.61216310044676, 41.04842790042733], [116.60836030008784, 41.04288629956312], [116.60745800038649, 41.03496199979651], [116.6114541001267, 41.033211699660285], [116.61538580031447, 41.02830090036633], [116.61448349971386, 41.02168779955235], [116.61673939960372, 41.019402199551905], [116.61577259962587, 41.01434449959902], [116.61242090010455, 41.011183200044684], [116.60790910032483, 40.99970409966454], [116.61177640006088, 40.99717459992792], [116.60855370019317, 40.982287099570044], [116.5924401001306, 40.97323620019051], [116.58122500023364, 40.97576669997329], [116.5608574998738, 40.99192059955607], [116.55505660018207, 40.99240710040743], [116.55325190005522, 40.98695800021159], [116.54886900010433, 40.98637419990945], [116.53726719982149, 40.98909880036939], [116.5296616000029, 40.98715269983728], [116.52295829988566, 40.98150859964221], [116.51354799994033, 40.97995149996183], [116.51084090028735, 40.973625499617185], [116.4942092997195, 40.976402400150675], [116.48003169990307, 40.98092470041462], [116.47023469957173, 40.977129199852754], [116.45901959967489, 40.983162899848026], [116.44948039990061, 40.979659499985985], [116.44548420033561, 40.967493599949705], [116.44754670012014, 40.96418410021613], [116.44200369991086, 40.95279410016764], [116.44870690020332, 40.94763389998457], [116.4555391001494, 40.93098230029295], [116.46108210035868, 40.92991099999273], [116.46262909975326, 40.92348279979143], [116.46791430030476, 40.91812549969211], [116.47139479983025, 40.90097920003012], [116.46817209996254, 40.89503539986384], [116.45773049976276, 40.89445080006442], [116.45541020032056, 40.899420200082204], [116.44483970029205, 40.90019970005619], [116.44239040029674, 40.898640700108274], [116.43053080035622, 40.8983483997589], [116.42550329963763, 40.90224589962861], [116.40732719979053, 40.897958700133984], [116.40023720018667, 40.903804799751754], [116.39250269963998, 40.90458419990097], [116.37858059991481, 40.92172950041618], [116.37870949974365, 40.92601519984163], [116.37506249973467, 40.92889580030101], [116.37395010041689, 40.93439330021067], [116.37172539980736, 40.935408699551886], [116.37089109964461, 40.93820979994234], [116.3644949998444, 40.942131100370034], [116.35925769988296, 40.94192099985429]]]}}, {"type": "Feature", "properties": {"shapeName": "Shunyi District", "shapeISO": "", "shapeID": "62558664B49463482757947", "shapeGroup": "CHN", "shapeType": "ADM3"}, "geometry": {"type": "Polygon", "coordinates": [[[116.46069740006499, 40.088777499581965], [116.46445820028578, 40.088168399552046], [116.46745119981313, 40.083987800296825], [116.47715180001558, 40.082726699877355], [116.47736200035604, 40.08090659975983], [116.48070570040784, 40.07984670016515], [116.49460749973639, 40.07834940000487], [116.50614989979806, 40.06965859996444], [116.51627680023421, 40.070417500067606], [116.52311889991734, 40.06937029979957], [116.53776239981494, 40.0579739001754], [116.54225089995907, 40.06109020035251], [116.5415241002571, 40.05869900015881], [116.54515659959748, 40.0580386999261], [116.54615130014247, 40.05259839959649], [116.54475009973737, 40.05036280010319], [116.53985209959478, 40.04886890027956], [116.54227559983917, 40.046006100101465], [116.55652659962288, 40.03967439985371], [116.56162560004145, 40.03616449969195], [116.56494949971966, 40.03110319975292], [116.56694230024698, 40.03176299996255], [116.57231290042012, 40.02798929986636], [116.56808079968926, 40.031771700004015], [116.57259890011926, 40.031840199565636], [116.57265120019281, 40.027673900430216], [116.57119940033215, 40.02683259994461], [116.58916670008318, 40.01649020036251], [116.59699590014077, 40.027400000209866], [116.6019494001448, 40.0284972999105], [116.60168400031637, 40.029879000315645], [116.60831820012493, 40.030623999597935], [116.60860130040976, 40.027237400085994], [116.61353709995728, 40.02567950000895], [116.61417399983031, 40.02137140026997], [116.61834909973118, 40.02260429974871], [116.6210026996149, 40.02032820018633], [116.62767230033649, 40.022550100306944], [116.63037909961577, 40.018593999713346], [116.64504499982695, 40.02454160041458], [116.64546960034181, 40.02069400032792], [116.64900780036976, 40.018052099724684], [116.65504050031893, 40.019921800150996], [116.6556420001782, 40.017469500017455], [116.65068850017417, 40.01653459989194], [116.65886179973234, 40.01801140000617], [116.6618162003574, 40.01204979955867], [116.6677428000902, 40.01389249963921], [116.6725547998642, 40.0139061000865], [116.67308549969607, 40.01272730022475], [116.67787979991294, 40.013431800337344], [116.68042729958029, 40.00721230040739], [116.68251490034243, 40.008133799735106], [116.6797197004039, 40.01549129998358], [116.69143119998989, 40.01505779977771], [116.69794160002493, 40.019081800085075], [116.70009990009032, 40.02429769977908], [116.70179819962732, 40.02374230006717], [116.70275349997405, 40.025544099880335], [116.7105200001979, 40.022685600260274], [116.71143989963173, 40.018593999713346], [116.7143599002892, 40.0190228000622], [116.71384589996842, 40.02138499981794], [116.71832179971136, 40.020192700233], [116.71911790027093, 40.02315970035994], [116.72612360012408, 40.0211816999755], [116.72776880009008, 40.02479899987401], [116.73127169992904, 40.02447379962621], [116.73134240013167, 40.02653299979818], [116.7363667001631, 40.02639749984479], [116.74117969998326, 40.0242794003741], [116.7411442999695, 40.02096159989799], [116.7437271996506, 40.020934499727446], [116.74928230023806, 40.01417369965657], [116.76673680026317, 40.014580599714975], [116.76979639998399, 40.020593199816346], [116.77181319981935, 40.031430800291275], [116.77528069964467, 40.03373359982584], [116.78412629998877, 40.03338140013159], [116.7835248001295, 40.03129540016266], [116.79431640028167, 40.02785460030958], [116.79747440022345, 40.03111289984048], [116.80467989975762, 40.0300401003704], [116.80568070040408, 40.03130450040243], [116.80605600008437, 40.030135899752], [116.80928339980915, 40.02990599976215], [116.80923340020126, 40.02774120029619], [116.81401200005382, 40.02737719969804], [116.81396200044605, 40.02927389957085], [116.81591349960843, 40.02977190005322], [116.81433730012634, 40.03869870018491], [116.81726449985683, 40.03885189969549], [116.81678910023686, 40.0454408995779], [116.82579600028521, 40.04743270005912], [116.82543079999152, 40.0502898003341], [116.84326350001061, 40.05091269956148], [116.8441834003437, 40.05400029967416], [116.8518967002725, 40.051021100243645], [116.84998609957893, 40.04888139995671], [116.85508109981299, 40.048312600346264], [116.8617684000917, 40.04102630032355], [116.86474050027391, 40.04013240029008], [116.87485979964015, 40.045062300285], [116.88398850026908, 40.045035200114455], [116.88593450007716, 40.04359959974181], [116.88639449970651, 40.04533320036694], [116.89573539986884, 40.04641660014602], [116.90249340035018, 40.051914899553026], [116.90836689961282, 40.051644000370345], [116.91203860040116, 40.043667600179674], [116.91816819960275, 40.046483099615386], [116.92061360013759, 40.0520125002767], [116.92293650041927, 40.050178400412904], [116.9221134004132, 40.053944500338446], [116.92443619997073, 40.05429439956691], [116.9257165000165, 40.05097640034063], [116.93294100042692, 40.049968399721934], [116.9330325001498, 40.048330299903455], [116.93023410042349, 40.047350199851905], [116.93268500031263, 40.04729419996738], [116.93305079955485, 40.04487200014273], [116.93725740000912, 40.047588299860195], [116.9385377000549, 40.04328980038406], [116.9390863998176, 40.04765830039031], [116.93934249975666, 40.040447299703146], [116.9560873996138, 40.050413699932335], [116.95511360021248, 40.06105390011743], [116.9564586001843, 40.06253859987652], [116.96067470017738, 40.06184570011902], [116.96115719994486, 40.06354730016784], [116.96679600043512, 40.061656800221215], [116.96581309989472, 40.06384430037423], [116.96746849997135, 40.06511119962221], [116.97265199979006, 40.0637167000657], [116.9747823003629, 40.06998440006009], [116.97683870004607, 40.06947969962846], [116.98030679971907, 40.07715649967275], [116.9782117004097, 40.077433599680944], [116.97940149987937, 40.07923459999682], [116.9755993002675, 40.08022419958718], [116.97420250024527, 40.07822529985776], [116.9719262999588, 40.07844299964478], [116.96902940018674, 40.080283599808354], [116.97570269981975, 40.080778299778785], [116.97459050015152, 40.08566650000904], [116.97215910026227, 40.08802139996766], [116.97590300042316, 40.08865319978537], [116.97562860017979, 40.09146569998211], [116.97370819957382, 40.0904443003642], [116.97394600010784, 40.09285089964936], [116.96922719977556, 40.09391430030479], [116.96748959986519, 40.095747099748905], [116.96721530034586, 40.0970062999009], [116.96919060006621, 40.096894399956625], [116.96185640035264, 40.09979050023145], [116.96408770018729, 40.10060190005771], [116.96476450028149, 40.1031340995591], [116.96734329995343, 40.102476599815304], [116.97006850026116, 40.10997470007243], [116.96551430014495, 40.11224070024815], [116.96320979999234, 40.11754189973891], [116.96564239957718, 40.122982500442106], [116.95973469999649, 40.126632700238986], [116.96293549957375, 40.12968130035176], [116.96404279973547, 40.13930140043931], [116.96556920015848, 40.13864460036808], [116.9672335997509, 40.140657999866846], [116.96741650027138, 40.14450290018874], [116.97008679966609, 40.14815190029003], [116.97244619983235, 40.14809600023028], [116.9729582998857, 40.151143700121736], [116.96858700028986, 40.15168889972301], [116.96913570005256, 40.153520199997274], [116.96615449963053, 40.153883599848314], [116.9625330997228, 40.164129600200965], [116.95850929996425, 40.16604449965399], [116.95887510010584, 40.16849040021185], [116.95547320042795, 40.16904939990991], [116.95618650040672, 40.174332200170966], [116.94532229978438, 40.17353559958832], [116.94541380040664, 40.17640039985861], [116.94098759989788, 40.17634449979886], [116.93979879957499, 40.18492439994117], [116.94396890014468, 40.185119999788185], [116.9435116002802, 40.189074200114305], [116.93806119966473, 40.192455300271945], [116.93529950037168, 40.1922737001712], [116.93440329987243, 40.19056919980875], [116.9330864001173, 40.19448109962309], [116.93008690029023, 40.19495619976885], [116.93123910000452, 40.195612800190645], [116.92341109964264, 40.209833400191314], [116.92770919981979, 40.21118820007541], [116.9310195997748, 40.20942829967635], [116.933068099813, 40.210336200355414], [116.9325194000503, 40.21473589964211], [116.93493370023009, 40.222584700423624], [116.92863430003297, 40.22859940044202], [116.92523829990773, 40.229414199705616], [116.92069839991132, 40.22637870001705], [116.91806949990757, 40.219698099687605], [116.91601560033973, 40.218819900018445], [116.90989509957922, 40.22101550036513], [116.9078001999194, 40.219008100243684], [116.90262449992076, 40.22101550036513], [116.90052950043616, 40.22747630009121], [116.89473770008487, 40.2275703997542], [116.8933409998873, 40.22992250012334], [116.88865820031572, 40.23064379957174], [116.88775450036997, 40.23205500043798], [116.89087639972615, 40.23478319998475], [116.89596999971582, 40.23537909976568], [116.8943268996668, 40.23776219976577], [116.88849389957386, 40.23885970001521], [116.88619360015457, 40.24450370038551], [116.88064819965473, 40.25071150013565], [116.88044279989538, 40.25384649991611], [116.87493850021167, 40.258015899913914], [116.87563680039807, 40.2603356004077], [116.87382939960719, 40.26293730041613], [116.86840719993245, 40.26710609966682], [116.87013239999033, 40.27368789957694], [116.86637409988487, 40.27928119976758], [116.86569109986442, 40.28940350017143], [116.85303929972395, 40.28977950042366], [116.84870280029406, 40.30206810036259], [116.84289359985985, 40.30968789957694], [116.82895159993643, 40.30773869998109], [116.82291000029636, 40.30348579972991], [116.82465280008671, 40.29781479991311], [116.82163199981699, 40.29613119979507], [116.81907599975762, 40.290370999821846], [116.81907599975762, 40.284167100431375], [116.81214450026857, 40.28329159962766], [116.81702420010686, 40.2800121003782], [116.80587430015885, 40.28127450031798], [116.80511540005568, 40.284665299663914], [116.795762600064, 40.28772300001651], [116.78797829955897, 40.2859504002908], [116.78269190021103, 40.290027199795475], [116.78193669991879, 40.28041100006766], [116.7776959998705, 40.278239399928395], [116.7772313003843, 40.27203439976779], [116.76752989978513, 40.2677349002455], [116.75672479990965, 40.2677349002455], [116.74969569969687, 40.2737186995584], [116.73684269963098, 40.27772319986582], [116.73447039958933, 40.277012999850115], [116.73459049955193, 40.27854789976584], [116.73233459966207, 40.27737789977033], [116.73492510041308, 40.281881299882116], [116.73293089964136, 40.282843400002946], [116.70477189970347, 40.25517640027073], [116.6986159000038, 40.25579509966417], [116.6984958000412, 40.25013439978278], [116.69076839964202, 40.24709830024642], [116.68898480030839, 40.244148600377684], [116.691065700222, 40.24181459976404], [116.68439830014154, 40.23957790039981], [116.67800700002306, 40.233029200037606], [116.67184919988074, 40.23307790012507], [116.6704477998262, 40.23719519969876], [116.66823950015282, 40.2372761998368], [116.66819709981633, 40.2342773996823], [116.66431130012643, 40.23374250001643], [116.6642830002603, 40.23680130023985], [116.66257139975039, 40.23641159971561], [116.66569439987677, 40.24017089986717], [116.66467339955784, 40.24390719985746], [116.6672259003551, 40.245649200150524], [116.66581449983937, 40.250141400105576], [116.66320199987251, 40.25220410043892], [116.66116000013392, 40.261439500232825], [116.65647549994446, 40.26011040027481], [116.65104029967017, 40.261118700367774], [116.65113040004803, 40.25969799996278], [116.64251209975362, 40.258941699799664], [116.64257219964736, 40.257016799885434], [116.6370769003787, 40.256008399967754], [116.63524510008142, 40.25830010006962], [116.631131199945, 40.2572000997049], [116.62935950044061, 40.26013340043613], [116.61761820001993, 40.25935419993641], [116.6178284003604, 40.25153949964823], [116.61599660006311, 40.249362199605855], [116.60755849962516, 40.25078320038443], [116.60059179977179, 40.24952259998804], [116.59776910036373, 40.250072699995144], [116.59872999988966, 40.254839700391926], [116.59485629967855, 40.25763550017825], [116.59341489957797, 40.26425799980689], [116.5900817000105, 40.26556409960358], [116.58963119991995, 40.263226900101415], [116.5847365002893, 40.2629748003468], [116.58227419969467, 40.26815329993491], [116.57894100012709, 40.26508290025572], [116.57659869967028, 40.267053500119005], [116.56434689998946, 40.26764930007516], [116.56434689998946, 40.271888000031254], [116.55939220028984, 40.27216300012242], [116.56020290044353, 40.276607699685655], [116.54590919994973, 40.27278159969114], [116.54542870027433, 40.27449990015032], [116.53473839975743, 40.27369799986286], [116.53080020016921, 40.275971299835646], [116.5340490001613, 40.26589420025721], [116.52971730041315, 40.26036900032915], [116.51892699978123, 40.259758900253075], [116.51919730001543, 40.264364799695784], [116.51796610025542, 40.25620680030363], [116.51499330040053, 40.25622979956563], [116.5146629002727, 40.25891099964298], [116.5129813002469, 40.25872769982357], [116.51376209974114, 40.25634430034921], [116.51175009958752, 40.25606930025805], [116.51102949981168, 40.258452699732345], [116.50817670009474, 40.2580401995956], [116.5098566004018, 40.25569480007499], [116.50826399998368, 40.25537069969806], [116.50686259992915, 40.2577203997767], [116.50586459977148, 40.25626199979149], [116.50316799970346, 40.25679669980792], [116.50325290020123, 40.25979449991627], [116.49985099962396, 40.26011350023788], [116.49686160008287, 40.25716940044754], [116.49543889958557, 40.25788240005278], [116.49694649968126, 40.255176199721916], [116.49469569984672, 40.25433359971589], [116.49705069963011, 40.25473529989421], [116.49733599965668, 40.250496599938174], [116.49358219975875, 40.24789959978676], [116.49042109985396, 40.251166799907935], [116.48495499977344, 40.24706180036185], [116.4764155997002, 40.2454198001837], [116.47674299968969, 40.2405294002117], [116.47966129972929, 40.23891789964142], [116.47680509967563, 40.23844390026585], [116.47894720025317, 40.222184699963975], [116.47664990007286, 40.222066199895266], [116.47633940014327, 40.22348840036943], [116.47140330022216, 40.223109099605324], [116.47009940016721, 40.219553399669735], [116.46780200016224, 40.21986160003286], [116.46711909996657, 40.21301049993468], [116.4651011004355, 40.21338979979947], [116.46615670037147, 40.20374020015015], [116.47810899973058, 40.19558319990483], [116.48195859990949, 40.19050819969374], [116.48214489986731, 40.17665699982075], [116.47938190015464, 40.17634859980808], [116.47652570010109, 40.16844930029504], [116.474073200318, 40.168639100414225], [116.47227250037565, 40.16270799957459], [116.47422839992078, 40.16247079978763], [116.47190000028479, 40.16183020010368], [116.47090660015954, 40.157891700141874], [116.47317279998481, 40.15876949961279], [116.48198970026453, 40.156681600275704], [116.48093410032857, 40.1487561997389], [116.4771466001356, 40.14968170015038], [116.47307970036798, 40.145528800014176], [116.47463200036657, 40.141209599943124], [116.47897829970884, 40.13881260002154], [116.481089399756, 40.12336030023772], [116.48310730036167, 40.12110510002043], [116.48655330009478, 40.1068122997479], [116.48481479996315, 40.10678850008924], [116.48422489955954, 40.101350799699674], [116.48099620031451, 40.09828740034328], [116.47488029958618, 40.095675100025915], [116.47152750019404, 40.09676750022004], [116.46857819962429, 40.09510509982056], [116.46718110012773, 40.096506300225656], [116.46044440008905, 40.09351389964678], [116.4588661996155, 40.09213129991963], [116.46069740006499, 40.088777499581965]], [[116.56767980008271, 40.097874199634646], [116.5695586996743, 40.1094210999039], [116.57421459962416, 40.095806499970024], [116.57484430042416, 40.08733000027934], [116.59047320007824, 40.08875000011244], [116.59015839959056, 40.09203510033967], [116.59290500016573, 40.092224799734765], [116.59215470027925, 40.102366000290715], [116.59341410008074, 40.10318079955431], [116.598852299594, 40.08684810035959], [116.59767759974147, 40.085710100041126], [116.60266470021577, 40.0541185002686], [116.60088329972461, 40.05137389978569], [116.6015165996115, 40.04732800008719], [116.60024069994836, 40.05203810037807], [116.59765210036426, 40.05175860007938], [116.5976147002583, 40.04618699963038], [116.59422039985168, 40.0481783999133], [116.59946889996979, 40.04487850044251], [116.5996583997154, 40.04319950035671], [116.5950682995624, 40.04276430043217], [116.5946703999191, 40.04013150006875], [116.58423680008832, 40.042462600368765], [116.58546890006971, 40.04714430006942], [116.58130300023333, 40.04762300020133], [116.58601919972637, 40.04756660011856], [116.58545640039267, 40.05066400014357], [116.58375089998412, 40.04870149957458], [116.58192829975133, 40.04957889974651], [116.58404520042575, 40.05445039956635], [116.5834619999714, 40.05850889966604], [116.58187990003739, 40.05904549994989], [116.5827413003708, 40.06237110024614], [116.57966219975083, 40.06263940038809], [116.57721970042894, 40.07280129974026], [116.57559499960962, 40.072685299786826], [116.57526530005362, 40.063549099711224], [116.56767980008271, 40.097874199634646]]]}}, {"type": "Feature", "properties": {"shapeName": "Miyun District", "shapeISO": "", "shapeID": "62558664B69030319126397", "shapeGroup": "CHN", "shapeType": "ADM3"}, "geometry": {"type": "Polygon", "coordinates": [[[117.49896540013322, 40.66581880029747], [117.4895751002108, 40.67250930036397], [117.47828579994973, 40.675653600033684], [117.47617929993476, 40.677479400054324], [117.4645812003622, 40.67221990032817], [117.45937690012386, 40.67188759993286], [117.4467738000709, 40.676060500092035], [117.43577940009925, 40.67490389999506], [117.43084309962944, 40.68194249974664], [117.42633899984503, 40.67997909985564], [117.41409619967999, 40.684952500057875], [117.40244129982614, 40.68557409976495], [117.39070250042016, 40.681950900313836], [117.38098919999163, 40.682314999837445], [117.37290299977371, 40.677366199690425], [117.36616450019164, 40.678280699594666], [117.35822009967796, 40.67451499986743], [117.33587669974997, 40.671394800229905], [117.3315499004076, 40.667682500447086], [117.33055679975655, 40.66219450007617], [117.32367639974609, 40.65934280023009], [117.3091354999035, 40.656329399582205], [117.30227199995295, 40.6580103997602], [117.28026629994986, 40.65912749983431], [117.27175450007019, 40.66343210031124], [117.27239290001239, 40.66585330008979], [117.25508560012042, 40.679464100387975], [117.23508289985602, 40.6753220002102], [117.22728039977073, 40.68129300037174], [117.21281039978021, 40.68780140031441], [117.21132079961524, 40.6900065001999], [117.20493699984274, 40.690490599861334], [117.20124849971853, 40.69269569974682], [117.17706089964088, 40.69581490023751], [117.17500380028525, 40.69280320020755], [117.1700386001014, 40.69178140039139], [117.16280360010614, 40.697213200328974], [117.15876049999713, 40.69785849986994], [117.15351159968066, 40.69506200041104], [117.1430137001222, 40.69672919959294], [117.13045880013362, 40.69586870038029], [117.12393309993263, 40.69957940026916], [117.1105980002975, 40.698611399696404], [117.1044977999336, 40.706193500229915], [117.08818359979341, 40.704741700369254], [117.07924620025199, 40.70113880041538], [117.06147860035719, 40.698307099692954], [117.05151189975447, 40.700493499975096], [117.04831999986811, 40.69904160028966], [117.03846050025197, 40.69914909985113], [117.02966500023967, 40.69646029960319], [117.03009059990131, 40.694362899828036], [117.02477069990789, 40.69140490011608], [117.01249959987672, 40.69479310042129], [117.00625759980846, 40.69328729986904], [116.99923540009365, 40.693663700319576], [116.99717839966343, 40.69619139961344], [116.98136060011166, 40.701837900099065], [116.9736290997032, 40.70194550038457], [116.97135929989179, 40.70484919993066], [116.96306030029268, 40.70560199993241], [116.95844970009364, 40.70872070040008], [116.96029390024341, 40.713559699620475], [116.95206590032114, 40.72060250010537], [116.94151280037545, 40.72518540028602], [116.93575160035618, 40.72974089992266], [116.93414300009943, 40.738818900371996], [116.92040020000934, 40.74394910007095], [116.91668869972375, 40.75211859999342], [116.91864479981768, 40.75211859999342], [116.92140340004698, 40.75656390030383], [116.91633759990043, 40.766593200016246], [116.91618710015462, 40.768796500358235], [116.91914629956216, 40.77194919969588], [116.89777979989788, 40.77643120043962], [116.89256350000562, 40.77563359981082], [116.88855100022852, 40.77943159958869], [116.88619369997934, 40.77946960044176], [116.88493980043154, 40.78300159964414], [116.88845069974002, 40.78079890004926], [116.89015460025462, 40.7961155002302], [116.88256489955052, 40.797430999740925], [116.88050790001967, 40.8000352996894], [116.87366299984762, 40.7964107998186], [116.86717269966039, 40.798236500014525], [116.86607459956315, 40.79506210003592], [116.86326160024271, 40.793400000010024], [116.85900779977021, 40.793815600109895], [116.85626349966083, 40.79199759990934], [116.8609975003344, 40.783997800258305], [116.85386210025581, 40.78176389958435], [116.85111770032165, 40.78233539985888], [116.85056889983491, 40.7790104003098], [116.8447369996129, 40.77771160031017], [116.8439136999574, 40.773658999763086], [116.83321060028902, 40.7702817001404], [116.83067210013735, 40.77142479961486], [116.82840790040439, 40.76965810034113], [116.83362230002922, 40.75999269960346], [116.82237030004933, 40.74871460039856], [116.80727620023652, 40.74892250027324], [116.79561249961728, 40.74523200005683], [116.78683050022744, 40.74757109982647], [116.77743100024054, 40.75671859988353], [116.77434349995258, 40.75089760034405], [116.77996950039221, 40.7347312001848], [116.78394889972196, 40.728648300079044], [116.78257669975494, 40.71190450009266], [116.78044980041807, 40.709720199727485], [116.77948930019113, 40.701190399917095], [116.77743100024054, 40.699525899600644], [116.76974669985043, 40.700150100147084], [116.76583589990696, 40.70223069968711], [116.76171939983055, 40.70176250003942], [116.75705389961786, 40.70519540024759], [116.75046739985066, 40.70483129982466], [116.74813459983193, 40.70155450033997], [116.74305749970392, 40.699890000023515], [116.74134230010714, 40.696144800342324], [116.71952440013104, 40.688289599985126], [116.71876969986181, 40.683607199712526], [116.7124576003381, 40.68142200002535], [116.71190870002658, 40.679392800337496], [116.70806660019355, 40.67861230031747], [116.70669440022641, 40.676374900381404], [116.70821380032669, 40.674712900180225], [116.70765500027812, 40.66513459968206], [116.70312669973748, 40.65987810009432], [116.7064886002687, 40.65165430000599], [116.70470469966222, 40.6469692997934], [116.70552810004187, 40.639628900153696], [116.70353840037694, 40.639628900153696], [116.70346980009128, 40.63759849987093], [116.6948935997599, 40.6316108001983], [116.69530519967532, 40.62765349990917], [116.69846130024882, 40.62598720004928], [116.69955900014781, 40.62234199958368], [116.69818680018079, 40.61932149968749], [116.69427610006198, 40.620206800403594], [116.69153170012794, 40.61739459968106], [116.70148010042635, 40.60656110011473], [116.69921599961879, 40.60202930031204], [116.70065679987147, 40.60020600040667], [116.70470469966222, 40.5996850995877], [116.7044988997045, 40.59718449956506], [116.7014115001407, 40.59463180001762], [116.70443030031822, 40.591141200206266], [116.70278370010772, 40.58811930006567], [116.70786080023584, 40.57879229982484], [116.70799799990778, 40.56982880015903], [116.69976480010553, 40.56289689957231], [116.6928352998093, 40.56268839984983], [116.69029669983286, 40.56472109969906], [116.68762090018447, 40.56326169966775], [116.67650619970141, 40.56258419990098], [116.67341870031282, 40.561228999818525], [116.67637109994632, 40.55542169965179], [116.66255530008709, 40.5563611998096], [116.66349340000045, 40.55363980003682], [116.65969840036098, 40.551598599795625], [116.66140399969493, 40.549363000302264], [116.6630669999422, 40.55214940037456], [116.67052920016249, 40.55315380010785], [116.67252680037166, 40.55518239994785], [116.6714290995734, 40.55148119959773], [116.67582009971784, 40.54783190002223], [116.68377880035143, 40.548509600337866], [116.69356160038762, 40.545850799674724], [116.69773379997491, 40.542385299941714], [116.69482289955727, 40.54068939979601], [116.6967634998357, 40.536559999844144], [116.70287629970153, 40.52933300021783], [116.70772769967368, 40.52748930009119], [116.71083269986923, 40.5240229001368], [116.70588420009585, 40.51989250013884], [116.70520499971099, 40.515466799653154], [116.69491640027172, 40.509809299559606], [116.69244650040571, 40.492906199961226], [116.68723209988161, 40.490714699623766], [116.68654599989804, 40.485079199645384], [116.69697470022231, 40.47860829963338], [116.6876437996217, 40.48194820004943], [116.68894740020244, 40.46629079998047], [116.69258370007776, 40.46665619992376], [116.70280649972028, 40.4573644998718], [116.71028500015268, 40.456059300296545], [116.71330380033021, 40.45929599991052], [116.7165970996765, 40.45757329996786], [116.71618539993631, 40.45344900007137], [116.71302940008684, 40.45485860014435], [116.71453879972591, 40.45235270041684], [116.71289209969075, 40.45089080027026], [116.71412709998572, 40.446922799847414], [116.71680289963422, 40.446452899581686], [116.71941009989621, 40.442484599684576], [116.71604820026425, 40.44055259962283], [116.7201580003915, 40.43850699989815], [116.71883129982473, 40.437198900009264], [116.71447020033952, 40.44013479978122], [116.70966749955551, 40.44070920036933], [116.71138270005167, 40.43841159981554], [116.71488180025494, 40.437576099957084], [116.7165970996765, 40.434703999889734], [116.71611679965065, 40.421856099879165], [116.71961589985392, 40.41694619990727], [116.7259965996634, 40.41945340005441], [116.72723159995849, 40.41689389983367], [116.7345727999948, 40.41344630020666], [116.71755759990333, 40.40817000024538], [116.71694010020553, 40.40472189969597], [116.71330380033021, 40.403885999639215], [116.70918720042903, 40.40015030039609], [116.70465899971316, 40.403311199752125], [116.70308099978843, 40.401900599632995], [116.70747199993286, 40.39918370006774], [116.70678589994941, 40.39636209963123], [116.70397289972959, 40.39552609974976], [116.70006209978612, 40.39283499993536], [116.70201750020749, 40.392573799940976], [116.70164020043501, 40.39082320033049], [116.70393859958676, 40.390849299555555], [116.70369839966145, 40.39482070031511], [116.70757490036146, 40.39484680043955], [116.70531079955379, 40.38591099989276], [116.70668300042018, 40.3856758001981], [116.70606549982301, 40.384029600185954], [116.70980470012682, 40.38311499955762], [116.70050809966915, 40.37595469994949], [116.70018510006241, 40.37274890014169], [116.7077926999732, 40.367694800174945], [116.71335010012706, 40.36787779962083], [116.71166719968153, 40.360431000290475], [116.72039970038588, 40.3600982996968], [116.71904129961638, 40.354663799994455], [116.72258289998092, 40.35458990000393], [116.72122450011068, 40.34553150027858], [116.71831359969292, 40.34298020007623], [116.71817699986866, 40.33784869995759], [116.72514209982808, 40.33780269963495], [116.7252928001227, 40.33378059959506], [116.73886179993224, 40.338130999845816], [116.73871099981284, 40.332408000328996], [116.7454348998009, 40.33454559979964], [116.74774929969044, 40.33450940028865], [116.74872999958984, 40.33314419974505], [116.74734420007485, 40.33296540013316], [116.75248929974146, 40.33256000014393], [116.75353919977431, 40.325645399815414], [116.75683490031042, 40.325378599742635], [116.7567765001354, 40.32304390035574], [116.76204290035957, 40.32368409984139], [116.75907319956855, 40.32302369978396], [116.76214600043761, 40.31450140031944], [116.76804409975546, 40.31415539965201], [116.76754910031082, 40.31242570028587], [116.76693049984272, 40.31376229969044], [116.75682539987235, 40.30909180014652], [116.75080359970639, 40.30135409981193], [116.74843200023668, 40.3023921998402], [116.73293089964136, 40.282843400002946], [116.73492510041308, 40.281881299882116], [116.73233459966207, 40.27737789977033], [116.73459049955193, 40.27854789976584], [116.73447039958933, 40.277012999850115], [116.73684269963098, 40.27772319986582], [116.74969569969687, 40.2737186995584], [116.75672479990965, 40.2677349002455], [116.76752989978513, 40.2677349002455], [116.7772313003843, 40.27203439976779], [116.7776959998705, 40.278239399928395], [116.78193669991879, 40.28041100006766], [116.78269190021103, 40.290027199795475], [116.78797829955897, 40.2859504002908], [116.795762600064, 40.28772300001651], [116.80511540005568, 40.284665299663914], [116.80587430015885, 40.28127450031798], [116.81702420010686, 40.2800121003782], [116.81214450026857, 40.28329159962766], [116.81907599975762, 40.284167100431375], [116.81907599975762, 40.290370999821846], [116.82163199981699, 40.29613119979507], [116.82465280008671, 40.29781479991311], [116.82291000029636, 40.30348579972991], [116.82895159993643, 40.30773869998109], [116.84289359985985, 40.30968789957694], [116.84870280029406, 40.30206810036259], [116.85303929972395, 40.28977950042366], [116.86569109986442, 40.28940350017143], [116.86637409988487, 40.27928119976758], [116.87013239999033, 40.27368789957694], [116.86840719993245, 40.26710609966682], [116.87382939960719, 40.26293730041613], [116.87563680039807, 40.2603356004077], [116.87493850021167, 40.258015899913914], [116.88044279989538, 40.25384649991611], [116.88064819965473, 40.25071150013565], [116.88619360015457, 40.24450370038551], [116.88849389957386, 40.23885970001521], [116.8943268996668, 40.23776219976577], [116.89596999971582, 40.23537909976568], [116.89087639972615, 40.23478319998475], [116.88775450036997, 40.23205500043798], [116.88865820031572, 40.23064379957174], [116.8933409998873, 40.22992250012334], [116.89473770008487, 40.2275703997542], [116.90052950043616, 40.22747630009121], [116.90262449992076, 40.22101550036513], [116.9078001999194, 40.219008100243684], [116.90989509957922, 40.22101550036513], [116.91601560033973, 40.218819900018445], [116.91806949990757, 40.219698099687605], [116.92069839991132, 40.22637870001705], [116.92523829990773, 40.229414199705616], [116.92863430003297, 40.22859940044202], [116.93016249999948, 40.23104389985616], [116.9392515000568, 40.232147400382246], [116.94069230030948, 40.23492339979509], [116.94686720016125, 40.23487099989677], [116.9494742996992, 40.23109979991591], [116.95304200018825, 40.23120449988784], [116.95914829975425, 40.23780410007919], [116.96772450008564, 40.24372209959529], [116.96950839979286, 40.24885419956172], [116.96443119984008, 40.252100799812126], [116.95496309956741, 40.251891300043496], [116.9449295001964, 40.257618899592615], [116.94438059988488, 40.25992270007259], [116.95535809979651, 40.269817499877774], [116.95508369955314, 40.27233020027859], [116.96386569984224, 40.27536629981495], [116.96564960044873, 40.27777420041906], [116.96510070013721, 40.28054829956443], [116.96839400038289, 40.28295599961973], [116.97731320034393, 40.28656730014086], [116.98410559989361, 40.286515000067254], [116.98630110041552, 40.28750940023866], [116.98451719980903, 40.28955049975582], [116.99432840043539, 40.290178499937895], [116.99528889976295, 40.29221949963028], [116.99769030006735, 40.29253349972129], [116.99789610002506, 40.29541169989011], [116.99535759987339, 40.298551400426845], [117.00475709986029, 40.305981500246105], [117.00057189967345, 40.31879910029829], [117.00386519991912, 40.319740700373075], [117.00571760008722, 40.32518089997859], [117.00873640026475, 40.32638389969725], [117.00907949971918, 40.33009749989975], [117.01168669998128, 40.33114360029697], [117.01449960037633, 40.335327699713616], [117.02040009998473, 40.33752420028168], [117.02527140015502, 40.336216700240584], [117.03220089955198, 40.33731499998731], [117.03309290021718, 40.338988499819436], [117.03830720001736, 40.33867470027724], [117.04262959987625, 40.34008669974145], [117.04681480006309, 40.33569370040402], [117.05367579989831, 40.336112100093374], [117.0596447999676, 40.341603200427414], [117.06575110043298, 40.3416554996017], [117.06581969981937, 40.344322500283226], [117.06933560025777, 40.34734569994413], [117.0754484001236, 40.34782640016829], [117.09160369995084, 40.358474099799935], [117.09427200015273, 40.3592504998108], [117.10230330035711, 40.35652750014407], [117.10628269968686, 40.35297209968269], [117.1110853995716, 40.352344700247784], [117.11334950037917, 40.35417470010236], [117.11835800022163, 40.35495899975808], [117.12137680039905, 40.35772990001493], [117.12480730031677, 40.357468500371056], [117.13489290028713, 40.36138960024988], [117.14079330007075, 40.36672180027091], [117.14103349999607, 40.368838899695504], [117.14703380006983, 40.36986939955318], [117.14717399988024, 40.37171380025171], [117.14878639977258, 40.36996269971888], [117.14981550028517, 40.37354330008327], [117.16123900007983, 40.37022410026208], [117.16367469962779, 40.37312510004341], [117.17310050028789, 40.373672899584676], [117.17467729961777, 40.37579800027754], [117.17911630017716, 40.37661109982247], [117.19272460036007, 40.374910999842825], [117.19888589976449, 40.37182489979932], [117.2045377997797, 40.37261950028977], [117.21183870029586, 40.376522700062594], [117.21707019963003, 40.3745104004347], [117.2204835998383, 40.37756120028922], [117.22038190000478, 40.38298709977488], [117.22428449992981, 40.38681230044733], [117.22929020018262, 40.387957400014045], [117.23019430032673, 40.392885499566205], [117.23365410015663, 40.3932587002289], [117.2340549999384, 40.396911499965825], [117.2297191003563, 40.40010039971372], [117.23001280005076, 40.40362300010145], [117.23199100008469, 40.40503040043268], [117.22785020032654, 40.41565199993988], [117.2315598003446, 40.41737440040828], [117.23448659987673, 40.421193500079994], [117.23838549999084, 40.42057529981031], [117.24035259969276, 40.42561380013683], [117.24425120033266, 40.427096999826745], [117.25478030007082, 40.438868399657], [117.2577571001101, 40.44007850042249], [117.24634740041222, 40.44474149962059], [117.24588489976838, 40.44923220040579], [117.24033719970203, 40.45092139970291], [117.23697229993172, 40.454093000091916], [117.22895920020699, 40.456145799788885], [117.22682030031672, 40.46178449955505], [117.22992250002346, 40.46435689965125], [117.23039100004473, 40.467906700034234], [117.22488439989525, 40.46871619959296], [117.22179069968115, 40.47149899967917], [117.2192007996772, 40.47462359969944], [117.21937040012392, 40.4784068002337], [117.2220135004228, 40.4799746000478], [117.21043630019517, 40.493998299781765], [117.20600389976028, 40.49320830022293], [117.20181949997004, 40.49808929958158], [117.20744019980543, 40.50467549987445], [117.20593459980205, 40.50642680005683], [117.2071120003186, 40.51100789979478], [117.21295590019474, 40.512950799639725], [117.22370719992739, 40.5097879001915], [117.23277309999867, 40.515568899685036], [117.23806980018117, 40.513482600241844], [117.24066459969163, 40.51037490028148], [117.24901230027751, 40.51332469997499], [117.25642280027205, 40.51153449961754], [117.25805990004437, 40.515855799605504], [117.24852750004413, 40.5267498001632], [117.24617279973495, 40.53469829978678], [117.24097859978258, 40.53859330044054], [117.24423359970092, 40.54080379985555], [117.24311260016646, 40.546757700307694], [117.26324869956784, 40.558431399589495], [117.27159640015384, 40.55907229964697], [117.28092829990123, 40.56442620030896], [117.29321589979395, 40.56740350037131], [117.30343589984693, 40.576919500334725], [117.3067708000325, 40.57583399973936], [117.31116440011704, 40.5770401003204], [117.31243480042576, 40.57555250024774], [117.31878699982019, 40.57683910004448], [117.32339230031448, 40.57430610014643], [117.33778540017613, 40.580154299681226], [117.34192500023858, 40.57943059994227], [117.34377219962732, 40.580618400219066], [117.34654109979203, 40.577513800221766], [117.35880740014147, 40.57464620036188], [117.36293830016245, 40.56868009970691], [117.36515779999252, 40.56879749990475], [117.36547540006973, 40.56718900037214], [117.36859859984554, 40.56630440022792], [117.37071150033557, 40.562217999561085], [117.37555139977735, 40.56199519971875], [117.37955609973426, 40.55958860043364], [117.38361790034594, 40.55993389962981], [117.3857445002086, 40.56505919982226], [117.3942510003834, 40.568011600355135], [117.395643400023, 40.57139869989015], [117.39784430007444, 40.57235650035227], [117.40525079988458, 40.57057399999019], [117.40671749971295, 40.56829020043244], [117.40847740011202, 40.56929290044707], [117.41449069988596, 40.567343199928814], [117.4233637996997, 40.57430610014643], [117.42329049955697, 40.577926500008004], [117.41610399999968, 40.58026569960242], [117.41496709955209, 40.59228860023876], [117.40573410004879, 40.60250169979366], [117.41250500040553, 40.61558059966501], [117.41825129955794, 40.618921299578346], [117.41400879996615, 40.62778160024072], [117.41504580012361, 40.63427479984222], [117.4185199998982, 40.63663579990231], [117.42247089971227, 40.63623719968706], [117.42167770036565, 40.630883200099674], [117.42518589990937, 40.628099700340954], [117.42296570040685, 40.62745740003902], [117.42538309965039, 40.62401209997847], [117.44249579974144, 40.626522300264014], [117.441043900056, 40.62884419960017], [117.4448809996585, 40.630182200148454], [117.44509429996208, 40.638681600175744], [117.4474775996116, 40.641046499696245], [117.44505760042796, 40.64510849995736], [117.45009919981828, 40.647598399846345], [117.4423992997879, 40.64987949963927], [117.44890750008108, 40.65117309975881], [117.45680910006001, 40.65128439985523], [117.45532409992734, 40.64880849971257], [117.45774550025465, 40.647176699645], [117.46111869986817, 40.648679000035884], [117.46621529999618, 40.643059300246534], [117.46925860040415, 40.64272539995727], [117.469515300191, 40.63679909969875], [117.4720084996926, 40.63351579991428], [117.47827840032801, 40.63326539987838], [117.48051499986741, 40.63187410010971], [117.48403500031509, 40.63443399962944], [117.49496139984876, 40.635185299561954], [117.4955847999986, 40.64264189970396], [117.49829799975294, 40.644311199702145], [117.49687210036723, 40.65195159968664], [117.50659779974876, 40.65370239984594], [117.50765520012749, 40.65686270025344], [117.50798520005696, 40.659254899593975], [117.49896540013322, 40.66581880029747]]]}}, {"type": "Feature", "properties": {"shapeName": "Xicheng District", "shapeISO": "", "shapeID": "62558664B44927070892501", "shapeGroup": "CHN", "shapeType": "ADM3"}, "geometry": {"type": "Polygon", "coordinates": [[[116.37473280017866, 39.971234900370405], [116.37416299962274, 39.96664690013438], [116.36390959964842, 39.966498799779856], [116.36540470006696, 39.9471869002553], [116.34996360043988, 39.94265320018508], [116.3499377997897, 39.94414020040995], [116.34775779998256, 39.944078300073556], [116.34582310015605, 39.949420200182146], [116.34542220037429, 39.94172140002263], [116.33496870034526, 39.94076640004937], [116.32659839979635, 39.94253270002412], [116.32186309960241, 39.94098450003469], [116.32290159982904, 39.938658700338806], [116.3268471001137, 39.936971400409846], [116.3286866004064, 39.89744710030351], [116.33167409968007, 39.897407399731776], [116.33194000043079, 39.89596400043831], [116.32247609999206, 39.89563839999221], [116.31964840035346, 39.895619599664826], [116.32011879974289, 39.888525500051855], [116.31796740017546, 39.888446599830786], [116.31728600004897, 39.88311980023866], [116.31462039961184, 39.88006140021349], [116.31507470023723, 39.873759900099344], [116.31915809986651, 39.875003700260606], [116.32631509986209, 39.873951200287706], [116.33605100025352, 39.87464240032659], [116.33808739991366, 39.87214919992567], [116.34323299960329, 39.87227480014195], [116.34422240044353, 39.86753609961136], [116.37499069966111, 39.86973670018864], [116.39296239979501, 39.87072190029551], [116.39258290028067, 39.87883779972475], [116.39117170031375, 39.878787499743396], [116.39251620026255, 39.879644100394955], [116.39162979967557, 39.897094399686864], [116.38966939992292, 39.898726099929604], [116.38929610033483, 39.90665189976539], [116.38644090032733, 39.90654919988572], [116.3854784000082, 39.910279899797615], [116.38615429988113, 39.920877499996664], [116.3932676998445, 39.92208230015808], [116.39318840032445, 39.92696969999173], [116.39107540000975, 39.92697909970576], [116.39025520031726, 39.93858270043131], [116.38792390036781, 39.941027100020676], [116.38732980013026, 39.955675899623145], [116.38020510018532, 39.955319400270184], [116.38131050007962, 39.959674299829146], [116.38388300000054, 39.966695500397066], [116.3880443996294, 39.967966999677344], [116.3879056000635, 39.97161709964951], [116.37473280017866, 39.971234900370405]]]}}, {"type": "Feature", "properties": {"shapeName": "Shijingshan District", "shapeISO": "", "shapeID": "62558664B36909562740020", "shapeGroup": "CHN", "shapeType": "ADM3"}, "geometry": {"type": "Polygon", "coordinates": [[[116.25292690005642, 39.89516289964814], [116.24676180011704, 39.89582689969171], [116.24673600036624, 39.91400179984322], [116.242969600067, 39.91479960012151], [116.24418379994245, 39.9161841001162], [116.24675789975731, 39.915886099863656], [116.2449820004191, 39.917266800222706], [116.24573760001033, 39.91956720036603], [116.24058619969344, 39.9194267001821], [116.23985350043881, 39.917301999687595], [116.23142800040193, 39.91704729999293], [116.23075259965276, 39.915484500409434], [116.22412449994579, 39.91644149957557], [116.22510900038014, 39.91834679966513], [116.20749550021719, 39.91516860005089], [116.20038840000473, 39.91540460014221], [116.20067980013278, 39.92287930003971], [116.20227610036181, 39.92439620002466], [116.2083288003339, 39.92506299965777], [116.20967960003361, 39.92717869973728], [116.2072068996788, 39.92743329960712], [116.20789959978674, 39.929723899838166], [116.20978560042522, 39.92981080042813], [116.20694859999799, 39.93280570022296], [116.20969600007038, 39.93265640017279], [116.20955869967429, 39.93960390039973], [116.21368920039629, 39.93959239986941], [116.21359759994937, 39.942032399975346], [116.20986570034188, 39.9422956998867], [116.21030069971755, 39.9444195999846], [116.20705659958242, 39.94489980018568], [116.20695939995642, 39.94708420037563], [116.20187600007739, 39.94996360024004], [116.20039400008307, 39.95393559994801], [116.19554019982047, 39.956638300117504], [116.19485340016433, 39.959832399745494], [116.1843672997112, 39.963938699711264], [116.18445890015823, 39.96678140004161], [116.17951350034787, 39.96857130002553], [116.18050929986441, 39.9815972001507], [116.17889039967224, 39.98448749979832], [116.17264280042491, 39.98685169964625], [116.17189809971762, 39.98067410002977], [116.16493669956913, 39.975215600119895], [116.16289679974761, 39.975835900306606], [116.1608824002027, 39.98615400020702], [116.15199910027832, 39.982610299925454], [116.14902270043729, 39.98906599959628], [116.1448150001122, 39.99230170006348], [116.14053430001798, 39.9907114999358], [116.13796320034146, 39.98782459972557], [116.11260639976558, 39.98469970023103], [116.10715380030774, 39.979978299958645], [116.10926019959857, 39.97766580033647], [116.11032589982051, 39.970512299603], [116.11400910023985, 39.969359199667394], [116.11673619991575, 39.96609200044554], [116.11471620029249, 39.96014179980426], [116.11239959976183, 39.961398999864], [116.10881409989088, 39.95664569973928], [116.11161949994005, 39.955119999888154], [116.11372900009337, 39.951554699689666], [116.11088069968457, 39.952166299834914], [116.11377329979803, 39.94875100025848], [116.10717480037681, 39.94685400001214], [116.1095728003445, 39.94227590041254], [116.10579560008694, 39.9412904997568], [116.11375749960894, 39.93118389971727], [116.11841829996467, 39.933340500064105], [116.1216543997308, 39.929176299946334], [116.12103380006988, 39.92494399956598], [116.12289559995202, 39.92329509978907], [116.13531569965983, 39.920156099824226], [116.13754129959136, 39.91734330015322], [116.1366948999497, 39.91157309971885], [116.1469764999656, 39.906018800427375], [116.14827730005743, 39.898804699777145], [116.15772819989661, 39.89347790018502], [116.16117719976796, 39.885505799653004], [116.16388519964232, 39.886142900074844], [116.16577569958895, 39.88404629979698], [116.1746349003804, 39.88157909969573], [116.18578480032829, 39.880488400119646], [116.1881859002591, 39.882383900296816], [116.19177369969657, 39.881642599926124], [116.19824559975473, 39.87811629972748], [116.20111209974368, 39.872523299910426], [116.20623539984388, 39.87339309991171], [116.20433109980047, 39.8770785000728], [116.21204470010287, 39.87538500021765], [116.21284479994767, 39.88007249964619], [116.21649420024721, 39.88002760009374], [116.21663080007147, 39.882303900204874], [116.22216579991175, 39.881991099809454], [116.22145349997913, 39.88768139997666], [116.23082799971246, 39.88821330040355], [116.23051570023938, 39.87784150018513], [116.22781109980247, 39.873181799700376], [116.2339103999451, 39.87576580015161], [116.23533459961209, 39.89262100005914], [116.24176749967046, 39.89439779961879], [116.25200970038748, 39.894077399952096], [116.25292690005642, 39.89516289964814]]]}}]}